abilities,against_psychic,against_rock,against_steel,against_water,attack,classfication,defense,height_m,name,percentage_male,pokedex_number,sp_attack,speed,type1,type2,weight_kg,generation,is_legendary
"['Overgrow', 'Chlorophyll']",2,1,1,0.5,49,Seed Pokémon,49,0.7,Bulbasaur,88.1,1,65,45,grass,poison,6.9,1,0
"['Overgrow', 'Chlorophyll']",2,1,1,0.5,62,Seed Pokémon,63,1,Ivysaur,88.1,2,80,60,grass,poison,13,1,0
"['Overgrow', 'Chlorophyll']",2,1,1,0.5,100,Seed Pokémon,123,2,Venusaur,88.1,3,122,80,grass,poison,100,1,0
"['Blaze', 'Solar Power']",1,2,0.5,2,52,Lizard Pokémon,43,0.6,Charmander,88.1,4,60,65,fire,,8.5,1,0
"['Blaze', 'Solar Power']",1,2,0.5,2,64,Flame Pokémon,58,1.1,Charmeleon,88.1,5,80,80,fire,,19,1,0
"['Blaze', 'Solar Power']",1,4,0.5,2,104,Flame Pokémon,78,1.7,Charizard,88.1,6,159,100,fire,flying,90.5,1,0
"['Torrent', 'Rain Dish']",1,1,0.5,0.5,48,Tiny Turtle Pokémon,65,0.5,Squirtle,88.1,7,50,43,water,,9,1,0
"['Torrent', 'Rain Dish']",1,1,0.5,0.5,63,Turtle Pokémon,80,1,Wartortle,88.1,8,65,58,water,,22.5,1,0
"['Torrent', 'Rain Dish']",1,1,0.5,0.5,103,Shellfish Pokémon,120,1.6,Blastoise,88.1,9,135,78,water,,85.5,1,0
"['Shield Dust', 'Run Away']",1,2,1,1,30,Worm Pokémon,35,0.3,Caterpie,50,10,20,45,bug,,2.9,1,0
['Shed Skin'],1,2,1,1,20,Cocoon Pokémon,55,0.7,Metapod,50,11,25,30,bug,,9.9,1,0
"['Compoundeyes', 'Tinted Lens']",1,4,1,1,45,Butterfly Pokémon,50,1.1,Butterfree,50,12,90,70,bug,flying,32,1,0
"['Shield Dust', 'Run Away']",2,2,1,1,35,Hairy Pokémon,30,0.3,Weedle,50,13,20,50,bug,poison,3.2,1,0
['Shed Skin'],2,2,1,1,25,Cocoon Pokémon,50,0.6,Kakuna,50,14,25,35,bug,poison,10,1,0
"['Swarm', 'Sniper']",2,2,1,1,150,Poison Bee Pokémon,40,1,Beedrill,50,15,15,145,bug,poison,29.5,1,0
"['Keen Eye', 'Tangled Feet', 'Big Pecks']",1,2,1,1,45,Tiny Bird Pokémon,40,0.3,Pidgey,50,16,35,56,normal,flying,1.8,1,0
"['Keen Eye', 'Tangled Feet', 'Big Pecks']",1,2,1,1,60,Bird Pokémon,55,1.1,Pidgeotto,50,17,50,71,normal,flying,30,1,0
"['Keen Eye', 'Tangled Feet', 'Big Pecks']",1,2,1,1,80,Bird Pokémon,80,1.5,Pidgeot,50,18,135,121,normal,flying,39.5,1,0
"['Run Away', 'Guts', 'Hustle', 'Gluttony', 'Hustle', 'Thick Fat']",1,1,1,1,56,Mouse Pokémon,35,,Rattata,50,19,25,72,normal,dark,,1,0
"['Run Away', 'Guts', 'Hustle', 'Gluttony', 'Hustle', 'Thick Fat']",1,1,1,1,71,Mouse Pokémon,70,,Raticate,50,20,40,77,normal,dark,,1,0
"['Keen Eye', 'Sniper']",1,2,1,1,60,Tiny Bird Pokémon,30,0.3,Spearow,50,21,31,70,normal,flying,2,1,0
"['Keen Eye', 'Sniper']",1,2,1,1,90,Beak Pokémon,65,1.2,Fearow,50,22,61,100,normal,flying,38,1,0
"['Intimidate', 'Shed Skin', 'Unnerve']",2,1,1,1,60,Snake Pokémon,44,2,Ekans,50,23,40,55,poison,,6.9,1,0
"['Intimidate', 'Shed Skin', 'Unnerve']",2,1,1,1,95,Cobra Pokémon,69,3.5,Arbok,50,24,65,80,poison,,65,1,0
"['Static', 'Lightningrod']",1,1,0.5,1,55,Mouse Pokémon,40,0.4,Pikachu,50,25,50,90,electric,,6,1,0
"['Static', 'Lightningrod', 'Surge Surfer']",1,1,0.5,1,85,Mouse Pokémon,50,,Raichu,50,26,95,110,electric,electric,,1,0
"['Sand Veil', 'Sand Rush', 'Snow Cloak', 'Slush Rush']",1,0.5,1,2,75,Mouse Pokémon,90,,Sandshrew,50,27,10,40,ground,ice,,1,0
"['Sand Veil', 'Sand Rush', 'Snow Cloak', 'Slush Rush']",1,0.5,1,2,100,Mouse Pokémon,120,,Sandslash,50,28,25,65,ground,ice,,1,0
"['Poison Point', 'Rivalry', 'Hustle']",2,1,1,1,47,Poison Pin Pokémon,52,0.4,Nidoran♀,0,29,40,41,poison,,7,1,0
"['Poison Point', 'Rivalry', 'Hustle']",2,1,1,1,62,Poison Pin Pokémon,67,0.8,Nidorina,0,30,55,56,poison,,20,1,0
"['Poison Point', 'Rivalry', 'Sheer Force']",2,0.5,1,2,92,Drill Pokémon,87,1.3,Nidoqueen,0,31,75,76,poison,ground,60,1,0
"['Poison Point', 'Rivalry', 'Hustle']",2,1,1,1,57,Poison Pin Pokémon,40,0.5,Nidoran♂,100,32,40,50,poison,,9,1,0
"['Poison Point', 'Rivalry', 'Hustle']",2,1,1,1,72,Poison Pin Pokémon,57,0.9,Nidorino,100,33,55,65,poison,,19.5,1,0
"['Poison Point', 'Rivalry', 'Sheer Force']",2,0.5,1,2,102,Drill Pokémon,77,1.4,Nidoking,100,34,85,85,poison,ground,62,1,0
"['Cute Charm', 'Magic Guard', 'Friend Guard']",1,1,2,1,45,Fairy Pokémon,48,0.6,Clefairy,24.6,35,60,35,fairy,,7.5,1,0
"['Cute Charm', 'Magic Guard', 'Unaware']",1,1,2,1,70,Fairy Pokémon,73,1.3,Clefable,24.6,36,95,60,fairy,,40,1,0
"['Flash Fire', 'Drought', 'Snow Cloak', 'Snow Warning']",1,2,0.5,2,41,Fox Pokémon,40,,Vulpix,24.6,37,50,65,fire,ice,,1,0
"['Flash Fire', 'Drought', 'Snow Cloak', 'Snow Warning']",1,2,0.5,2,67,Fox Pokémon,75,,Ninetales,24.6,38,81,109,fire,ice,,1,0
"['Cute Charm', 'Competitive', 'Friend Guard']",1,1,2,1,45,Balloon Pokémon,20,0.5,Jigglypuff,24.6,39,45,20,normal,fairy,5.5,1,0
"['Cute Charm', 'Competitive', 'Frisk']",1,1,2,1,70,Balloon Pokémon,45,1,Wigglytuff,24.6,40,85,45,normal,fairy,12,1,0
"['Inner Focus', 'Infiltrator']",2,2,1,1,45,Bat Pokémon,35,0.8,Zubat,50,41,30,55,poison,flying,7.5,1,0
"['Inner Focus', 'Infiltrator']",2,2,1,1,80,Bat Pokémon,70,1.6,Golbat,50,42,65,90,poison,flying,55,1,0
"['Chlorophyll', 'Run Away']",2,1,1,0.5,50,Weed Pokémon,55,0.5,Oddish,50,43,75,30,grass,poison,5.4,1,0
"['Chlorophyll', 'Stench']",2,1,1,0.5,65,Weed Pokémon,70,0.8,Gloom,50,44,85,40,grass,poison,8.6,1,0
"['Chlorophyll', 'Effect Spore']",2,1,1,0.5,80,Flower Pokémon,85,1.2,Vileplume,50,45,110,50,grass,poison,18.6,1,0
"['Effect Spore', 'Dry Skin', 'Damp']",1,2,1,0.5,70,Mushroom Pokémon,55,0.3,Paras,50,46,45,25,bug,grass,5.4,1,0
"['Effect Spore', 'Dry Skin', 'Damp']",1,2,1,0.5,95,Mushroom Pokémon,80,1,Parasect,50,47,60,30,bug,grass,29.5,1,0
"['Compoundeyes', 'Tinted Lens', 'Run Away']",2,2,1,1,55,Insect Pokémon,50,1,Venonat,50,48,40,45,bug,poison,30,1,0
"['Shield Dust', 'Tinted Lens', 'Wonder Skin ']",2,2,1,1,65,Poison Moth Pokémon,60,1.5,Venomoth,50,49,90,90,bug,poison,12.5,1,0
"['Sand Veil', 'Arena Trap', 'Sand Force', 'Sand Veil', 'Tangling Hair', 'Sand Force']",1,0.5,1,2,55,Mole Pokémon,30,,Diglett,50,50,35,90,ground,ground,,1,0
"['Sand Veil', 'Arena Trap', 'Sand Force', 'Sand Veil', 'Tangling Hair', 'Sand Force']",1,0.5,1,2,100,Mole Pokémon,60,,Dugtrio,50,51,50,110,ground,ground,,1,0
"['Pickup', 'Technician', 'Unnerve', 'Pickup', 'Technician', 'Rattled']",1,1,1,1,35,Scratch Cat Pokémon,35,,Meowth,50,52,50,90,normal,dark,,1,0
"['Limber', 'Technician', 'Unnerve', 'Fur Coat', 'Technician', 'Rattled']",1,1,1,1,60,Classy Cat Pokémon,60,,Persian,50,53,75,115,normal,dark,,1,0
"['Damp', 'Cloud Nine', 'Swift Swim']",1,1,0.5,0.5,52,Duck Pokémon,48,0.8,Psyduck,50,54,65,55,water,,19.6,1,0
"['Damp', 'Cloud Nine', 'Swift Swim']",1,1,0.5,0.5,82,Duck Pokémon,78,1.7,Golduck,50,55,95,85,water,,76.6,1,0
"['Vital Spirit', 'Anger Point', 'Defiant']",2,0.5,1,1,80,Pig Monkey Pokémon,35,0.5,Mankey,50,56,35,70,fighting,,28,1,0
"['Vital Spirit', 'Anger Point', 'Defiant']",2,0.5,1,1,105,Pig Monkey Pokémon,60,1,Primeape,50,57,60,95,fighting,,32,1,0
"['Intimidate', 'Flash Fire', 'Justified']",1,2,0.5,2,70,Puppy Pokémon,45,0.7,Growlithe,75.4,58,70,60,fire,,19,1,0
"['Intimidate', 'Flash Fire', 'Justified']",1,2,0.5,2,110,Legendary Pokémon,80,1.9,Arcanine,75.4,59,100,95,fire,,155,1,0
"['Water Absorb', 'Damp', 'Swift Swim']",1,1,0.5,0.5,50,Tadpole Pokémon,40,0.6,Poliwag,50,60,40,90,water,,12.4,1,0
"['Water Absorb', 'Damp', 'Swift Swim']",1,1,0.5,0.5,65,Tadpole Pokémon,65,1,Poliwhirl,50,61,50,90,water,,20,1,0
"['Water Absorb', 'Damp', 'Swift Swim']",2,0.5,0.5,0.5,95,Tadpole Pokémon,95,1.3,Poliwrath,50,62,70,70,water,fighting,54,1,0
"['Synchronize', 'Inner Focus', 'Magic Guard']",0.5,1,1,1,20,Psi Pokémon,15,0.9,Abra,75.4,63,105,90,psychic,,19.5,1,0
"['Synchronize', 'Inner Focus', 'Magic Guard']",0.5,1,1,1,35,Psi Pokémon,30,1.3,Kadabra,75.4,64,120,105,psychic,,56.5,1,0
"['Synchronize', 'Inner Focus', 'Magic Guard']",0.5,1,1,1,50,Psi Pokémon,65,1.5,Alakazam,75.4,65,175,150,psychic,,48,1,0
"['Guts', 'No Guard', 'Steadfast']",2,0.5,1,1,80,Superpower Pokémon,50,0.8,Machop,75.4,66,35,35,fighting,,19.5,1,0
"['Guts', 'No Guard', 'Steadfast']",2,0.5,1,1,100,Superpower Pokémon,70,1.5,Machoke,75.4,67,50,45,fighting,,70.5,1,0
"['Guts', 'No Guard', 'Steadfast']",2,0.5,1,1,130,Superpower Pokémon,80,1.6,Machamp,75.4,68,65,55,fighting,,130,1,0
"['Chlorophyll', 'Gluttony']",2,1,1,0.5,75,Flower Pokémon,35,0.7,Bellsprout,50,69,70,40,grass,poison,4,1,0
"['Chlorophyll', 'Gluttony']",2,1,1,0.5,90,Flycatcher Pokémon,50,1,Weepinbell,50,70,85,55,grass,poison,6.4,1,0
"['Chlorophyll', 'Gluttony']",2,1,1,0.5,105,Flycatcher Pokémon,65,1.7,Victreebel,50,71,100,70,grass,poison,15.5,1,0
"['Clear Body', 'Liquid Ooze', 'Rain Dish']",2,1,0.5,0.5,40,Jellyfish Pokémon,35,0.9,Tentacool,50,72,50,70,water,poison,45.5,1,0
"['Clear Body', 'Liquid Ooze', 'Rain Dish']",2,1,0.5,0.5,70,Jellyfish Pokémon,65,1.6,Tentacruel,50,73,80,100,water,poison,55,1,0
"['Rock Head', 'Sturdy', 'Sand Veil', 'Magnet Pull', 'Sturdy', 'Galvanize']",1,0.5,2,4,80,Rock Pokémon,100,,Geodude,50,74,30,20,rock,ground,,1,0
"['Rock Head', 'Sturdy', 'Sand Veil', 'Magnet Pull', 'Sturdy', 'Galvanize']",1,0.5,2,4,95,Rock Pokémon,115,,Graveler,50,75,45,35,rock,ground,,1,0
"['Rock Head', 'Sturdy', 'Sand Veil', 'Magnet Pull', 'Sturdy', 'Galvanize']",1,0.5,2,4,120,Megaton Pokémon,130,,Golem,50,76,55,45,rock,ground,,1,0
"['Run Away', 'Flash Fire', 'Flame Body']",1,2,0.5,2,85,Fire Horse Pokémon,55,1,Ponyta,50,77,65,90,fire,,30,1,0
"['Run Away', 'Flash Fire', 'Flame Body']",1,2,0.5,2,100,Fire Horse Pokémon,70,1.7,Rapidash,50,78,80,105,fire,,95,1,0
"['Oblivious', 'Own Tempo', 'Regenerator']",0.5,1,0.5,0.5,65,Dopey Pokémon,65,1.2,Slowpoke,50,79,40,15,water,psychic,36,1,0
"['Oblivious', 'Own Tempo', 'Regenerator']",0.5,1,0.5,0.5,75,Hermit Crab Pokémon,180,1.6,Slowbro,50,80,130,30,water,psychic,78.5,1,0
"['Magnet Pull', 'Sturdy', 'Analytic']",0.5,0.5,0.25,1,35,Magnet Pokémon,70,0.3,Magnemite,,81,95,45,electric,steel,6,1,0
"['Magnet Pull', 'Sturdy', 'Analytic']",0.5,0.5,0.25,1,60,Magnet Pokémon,95,1,Magneton,,82,120,70,electric,steel,60,1,0
"['Keen Eye', 'Inner Focus', 'Defiant']",1,2,1,1,90,Wild Duck Pokémon,55,0.8,Farfetch'd,50,83,58,60,normal,flying,15,1,0
"['Run Away', 'Early Bird', 'Tangled Feet']",1,2,1,1,85,Twin Bird Pokémon,45,1.4,Doduo,50,84,35,75,normal,flying,39.2,1,0
"['Run Away', 'Early Bird', 'Tangled Feet']",1,2,1,1,110,Triple Bird Pokémon,70,1.8,Dodrio,50,85,60,110,normal,flying,85.2,1,0
"['Thick Fat', 'Hydration', 'Ice Body']",1,1,0.5,0.5,45,Sea Lion Pokémon,55,1.1,Seel,50,86,45,45,water,,90,1,0
"['Thick Fat', 'Hydration', 'Ice Body']",1,2,1,0.5,70,Sea Lion Pokémon,80,1.7,Dewgong,50,87,70,70,water,ice,120,1,0
"['Stench', 'Sticky Hold', 'Poison Touch', 'Poison Touch', 'Gluttony', 'Power of Alchemy']",2,1,1,1,80,Sludge Pokémon,50,,Grimer,50,88,40,25,poison,poison,,1,0
"['Stench', 'Sticky Hold', 'Poison Touch', 'Poison Touch', 'Gluttony', 'Power of Alchemy']",2,1,1,1,105,Sludge Pokémon,75,,Muk,50,89,65,50,poison,poison,,1,0
"['Shell Armor', 'Skill Link', 'Overcoat']",1,1,0.5,0.5,65,Bivalve Pokémon,100,0.3,Shellder,50,90,45,40,water,,4,1,0
"['Shell Armor', 'Skill Link', 'Overcoat']",1,2,1,0.5,95,Bivalve Pokémon,180,1.5,Cloyster,50,91,85,70,water,ice,132.5,1,0
['Levitate'],2,1,1,1,35,Gas Pokémon,30,1.3,Gastly,50,92,100,80,ghost,poison,0.1,1,0
['Levitate'],2,1,1,1,50,Gas Pokémon,45,1.6,Haunter,50,93,115,95,ghost,poison,0.1,1,0
['Cursed Body'],2,1,1,1,65,Shadow Pokémon,80,1.5,Gengar,50,94,170,130,ghost,poison,40.5,1,0
"['Rock Head', 'Sturdy', 'Weak Armor']",1,0.5,2,4,45,Rock Snake Pokémon,160,8.8,Onix,50,95,30,70,rock,ground,210,1,0
"['Insomnia', 'Forewarn', 'Inner Focus']",0.5,1,1,1,48,Hypnosis Pokémon,45,1,Drowzee,50,96,43,42,psychic,,32.4,1,0
"['Insomnia', 'Forewarn', 'Inner Focus']",0.5,1,1,1,73,Hypnosis Pokémon,70,1.6,Hypno,50,97,73,67,psychic,,75.6,1,0
"['Hyper Cutter', 'Shell Armor', 'Sheer Force']",1,1,0.5,0.5,105,River Crab Pokémon,90,0.4,Krabby,50,98,25,50,water,,6.5,1,0
"['Hyper Cutter', 'Shell Armor', 'Sheer Force']",1,1,0.5,0.5,130,Pincer Pokémon,115,1.3,Kingler,50,99,50,75,water,,60,1,0
"['Soundproof', 'Static', 'Aftermath']",1,1,0.5,1,30,Ball Pokémon,50,0.5,Voltorb,,100,55,100,electric,,10.4,1,0
"['Soundproof', 'Static', 'Aftermath']",1,1,0.5,1,50,Ball Pokémon,70,1.2,Electrode,,101,80,150,electric,,66.6,1,0
"['Chlorophyll', 'Harvest']",0.5,1,1,0.5,40,Egg Pokémon,80,0.4,Exeggcute,50,102,60,40,grass,psychic,2.5,1,0
"['Chlorophyll', 'Harvest', 'Frisk', 'Harvest']",0.5,1,1,0.5,105,Coconut Pokémon,85,,Exeggutor,50,103,125,45,grass,psychic,,1,0
"['Rock Head', 'Lightningrod', 'Battle Armor']",1,0.5,1,2,50,Lonely Pokémon,95,0.4,Cubone,50,104,40,35,ground,,6.5,1,0
"['Rock Head', 'Lightningrod', 'Battle Armor', 'Cursed Body', 'Lightningrod', 'Rock Head']",1,0.5,1,2,80,Bone Keeper Pokémon,110,,Marowak,50,105,50,45,ground,fire,,1,0
"['Limber', 'Reckless', 'Unburden']",2,0.5,1,1,120,Kicking Pokémon,53,1.5,Hitmonlee,100,106,35,87,fighting,,49.8,1,0
"['Keen Eye', 'Iron Fist', 'Inner Focus']",2,0.5,1,1,105,Punching Pokémon,79,1.4,Hitmonchan,100,107,35,76,fighting,,50.2,1,0
"['Own Tempo', 'Oblivious', 'Cloud Nine']",1,1,1,1,55,Licking Pokémon,75,1.2,Lickitung,50,108,60,30,normal,,65.5,1,0
['Levitate'],2,1,1,1,65,Poison Gas Pokémon,95,0.6,Koffing,50,109,60,35,poison,,1,1,0
['Levitate'],2,1,1,1,90,Poison Gas Pokémon,120,1.2,Weezing,50,110,85,60,poison,,9.5,1,0
"['Lightningrod', 'Rock Head', 'Reckless']",1,0.5,2,4,85,Spikes Pokémon,95,1,Rhyhorn,50,111,30,25,ground,rock,115,1,0
"['Lightningrod', 'Rock Head', 'Reckless']",1,0.5,2,4,130,Drill Pokémon,120,1.9,Rhydon,50,112,45,40,ground,rock,120,1,0
"['Natural Cure', 'Serene Grace', 'Healer']",1,1,1,1,5,Egg Pokémon,5,1.1,Chansey,0,113,35,50,normal,,34.6,1,0
"['Chlorophyll', 'Leaf Guard', 'Regenerator']",1,1,1,0.5,55,Vine Pokémon,115,1,Tangela,50,114,100,60,grass,,35,1,0
"['Early Bird', 'Scrappy', 'Inner Focus']",1,1,1,1,125,Parent Pokémon,100,2.2,Kangaskhan,0,115,60,100,normal,,80,1,0
"['Swift Swim', 'Sniper', 'Damp']",1,1,0.5,0.5,40,Dragon Pokémon,70,0.4,Horsea,50,116,70,60,water,,8,1,0
"['Poison Point', 'Sniper', 'Damp']",1,1,0.5,0.5,65,Dragon Pokémon,95,1.2,Seadra,50,117,95,85,water,,25,1,0
"['Swift Swim', 'Water Veil', 'Lightningrod']",1,1,0.5,0.5,67,Goldfish Pokémon,60,0.6,Goldeen,50,118,35,63,water,,15,1,0
"['Swift Swim', 'Water Veil', 'Lightningrod']",1,1,0.5,0.5,92,Goldfish Pokémon,65,1.3,Seaking,50,119,65,68,water,,39,1,0
"['Illuminate', 'Natural Cure', 'Analytic']",1,1,0.5,0.5,45,Starshape Pokémon,55,0.8,Staryu,,120,70,85,water,,34.5,1,0
"['Illuminate', 'Natural Cure', 'Analytic']",0.5,1,0.5,0.5,75,Mysterious Pokémon,85,1.1,Starmie,,121,100,115,water,psychic,80,1,0
"['Soundproof', 'Filter', 'Technician']",0.5,1,2,1,45,Barrier Pokémon,65,1.3,Mr. Mime,50,122,100,90,psychic,fairy,54.5,1,0
"['Swarm', 'Technician', 'Steadfast']",1,4,1,1,110,Mantis Pokémon,80,1.5,Scyther,50,123,55,105,bug,flying,56,1,0
"['Oblivious', 'Forewarn', 'Dry Skin']",0.5,2,2,1,50,Humanshape Pokémon,35,1.4,Jynx,0,124,115,95,ice,psychic,40.6,1,0
"['Static', 'Vital Spirit']",1,1,0.5,1,83,Electric Pokémon,57,1.1,Electabuzz,75.4,125,95,105,electric,,30,1,0
"['Flame Body', 'Vital Spirit']",1,2,0.5,2,95,Spitfire Pokémon,57,1.3,Magmar,75.4,126,100,93,fire,,44.5,1,0
"['Hyper Cutter', 'Mold Breaker', 'Moxie']",1,2,1,1,155,Stagbeetle Pokémon,120,1.5,Pinsir,50,127,65,105,bug,,55,1,0
"['Intimidate', 'Anger Point', 'Sheer Force']",1,1,1,1,100,Wild Bull Pokémon,95,1.4,Tauros,100,128,40,110,normal,,88.4,1,0
"['Swift Swim', 'Rattled']",1,1,0.5,0.5,10,Fish Pokémon,55,0.9,Magikarp,50,129,15,80,water,,10,1,0
"['Intimidate', 'Moxie']",1,2,0.5,0.5,155,Atrocious Pokémon,109,6.5,Gyarados,50,130,70,81,water,flying,235,1,0
"['Water Absorb', 'Shell Armor', 'Hydration']",1,2,1,0.5,85,Transport Pokémon,80,2.5,Lapras,50,131,85,60,water,ice,220,1,0
"['Limber', 'Imposter']",1,1,1,1,48,Transform Pokémon,48,0.3,Ditto,,132,48,48,normal,,4,1,0
"['Run Away', 'Adaptability', 'Anticipation']",1,1,1,1,55,Evolution Pokémon,50,0.3,Eevee,88.1,133,45,55,normal,,6.5,1,0
"['Water Absorb', 'Hydration']",1,1,0.5,0.5,65,Bubble Jet Pokémon,60,1,Vaporeon,88.1,134,110,65,water,,29,1,0
"['Volt Absorb', 'Quick Feet']",1,1,0.5,1,65,Lightning Pokémon,60,0.8,Jolteon,88.1,135,110,130,electric,,24.5,1,0
"['Flash Fire', 'Guts']",1,2,0.5,2,130,Flame Pokémon,60,0.9,Flareon,88.1,136,95,65,fire,,25,1,0
"['Trace', 'Download', 'Analytic']",1,1,1,1,60,Virtual Pokémon,70,0.8,Porygon,,137,85,40,normal,,36.5,1,0
"['Swift Swim', 'Shell Armor', 'Weak Armor']",1,1,1,1,40,Spiral Pokémon,100,0.4,Omanyte,88.1,138,90,35,rock,water,7.5,1,0
"['Swift Swim', 'Shell Armor', 'Weak Armor']",1,1,1,1,60,Spiral Pokémon,125,1,Omastar,88.1,139,115,55,rock,water,35,1,0
"['Swift Swim', 'Battle Armor', 'Weak Armor']",1,1,1,1,80,Shellfish Pokémon,90,0.5,Kabuto,88.1,140,55,55,rock,water,11.5,1,0
"['Swift Swim', 'Battle Armor', 'Weak Armor']",1,1,1,1,115,Shellfish Pokémon,105,1.3,Kabutops,88.1,141,65,80,rock,water,40.5,1,0
"['Rock Head', 'Pressure', 'Unnerve']",1,2,2,2,135,Fossil Pokémon,85,1.8,Aerodactyl,88.1,142,70,150,rock,flying,59,1,0
"['Immunity', 'Thick Fat', 'Gluttony']",1,1,1,1,110,Sleeping Pokémon,65,2.1,Snorlax,88.1,143,65,30,normal,,460,1,0
"['Pressure', 'Snow Cloak']",1,4,2,1,85,Freeze Pokémon,100,1.7,Articuno,,144,95,85,ice,flying,55.4,1,1
"['Pressure', 'Static']",1,2,0.5,1,90,Electric Pokémon,85,1.6,Zapdos,,145,125,100,electric,flying,52.6,1,1
"['Pressure', 'Flame Body']",1,4,0.5,2,100,Flame Pokémon,90,2,Moltres,,146,125,90,fire,flying,60,1,1
"['Shed Skin', 'Marvel Scale']",1,1,1,0.5,64,Dragon Pokémon,45,1.8,Dratini,50,147,50,50,dragon,,3.3,1,0
"['Shed Skin', 'Marvel Scale']",1,1,1,0.5,84,Dragon Pokémon,65,4,Dragonair,50,148,70,70,dragon,,16.5,1,0
"['Inner Focus', 'Multiscale']",1,2,1,0.5,134,Dragon Pokémon,95,2.2,Dragonite,50,149,100,80,dragon,flying,210,1,0
"['Pressure', 'Unnerve']",0.5,1,1,1,150,Genetic Pokémon,70,2,Mewtwo,,150,194,140,psychic,,122,1,1
['Synchronize'],0.5,1,1,1,100,New Species Pokémon,100,0.4,Mew,,151,100,100,psychic,,4,1,1
"['Overgrow', 'Leaf Guard']",1,1,1,0.5,49,Leaf Pokémon,65,0.9,Chikorita,88.1,152,49,45,grass,,6.4,2,0
"['Overgrow', 'Leaf Guard']",1,1,1,0.5,62,Leaf Pokémon,80,1.2,Bayleef,88.1,153,63,60,grass,,15.8,2,0
"['Overgrow', 'Leaf Guard']",1,1,1,0.5,82,Herb Pokémon,100,1.8,Meganium,88.1,154,83,80,grass,,100.5,2,0
"['Blaze', 'Flash Fire']",1,2,0.5,2,52,Fire Mouse Pokémon,43,0.5,Cyndaquil,88.1,155,60,65,fire,,7.9,2,0
"['Blaze', 'Flash Fire']",1,2,0.5,2,64,Volcano Pokémon,58,0.9,Quilava,88.1,156,80,80,fire,,19,2,0
"['Blaze', 'Flash Fire']",1,2,0.5,2,84,Volcano Pokémon,78,1.7,Typhlosion,88.1,157,109,100,fire,,79.5,2,0
"['Torrent', 'Sheer Force']",1,1,0.5,0.5,65,Big Jaw Pokémon,64,0.6,Totodile,88.1,158,44,43,water,,9.5,2,0
"['Torrent', 'Sheer Force']",1,1,0.5,0.5,80,Big Jaw Pokémon,80,1.1,Croconaw,88.1,159,59,58,water,,25,2,0
"['Torrent', 'Sheer Force']",1,1,0.5,0.5,105,Big Jaw Pokémon,100,2.3,Feraligatr,88.1,160,79,78,water,,88.8,2,0
"['Run Away', 'Keen Eye', 'Frisk']",1,1,1,1,46,Scout Pokémon,34,0.8,Sentret,50,161,35,20,normal,,6,2,0
"['Run Away', 'Keen Eye', 'Frisk']",1,1,1,1,76,Long Body Pokémon,64,1.8,Furret,50,162,45,90,normal,,32.5,2,0
"['Insomnia', 'Keen Eye', 'Tinted Lens']",1,2,1,1,30,Owl Pokémon,30,0.7,Hoothoot,50,163,36,50,normal,flying,21.2,2,0
"['Insomnia', 'Keen Eye', 'Tinted Lens']",1,2,1,1,50,Owl Pokémon,50,1.6,Noctowl,50,164,86,70,normal,flying,40.8,2,0
"['Swarm', 'Early Bird', 'Rattled']",1,4,1,1,20,Five Star Pokémon,30,1,Ledyba,50,165,40,55,bug,flying,10.8,2,0
"['Swarm', 'Early Bird', 'Iron Fist']",1,4,1,1,35,Five Star Pokémon,50,1.4,Ledian,50,166,55,85,bug,flying,35.6,2,0
"['Swarm', 'Insomnia', 'Sniper']",2,2,1,1,60,String Spit Pokémon,40,0.5,Spinarak,50,167,40,30,bug,poison,8.5,2,0
"['Swarm', 'Insomnia', 'Sniper']",2,2,1,1,90,Long Leg Pokémon,70,1.1,Ariados,50,168,60,40,bug,poison,33.5,2,0
"['Inner Focus', 'Infiltrator']",2,2,1,1,90,Bat Pokémon,80,1.8,Crobat,50,169,70,130,poison,flying,75,2,0
"['Volt Absorb', 'Illuminate', 'Water Absorb']",1,1,0.25,0.5,38,Angler Pokémon,38,0.5,Chinchou,50,170,56,67,water,electric,12,2,0
"['Volt Absorb', 'Illuminate', 'Water Absorb']",1,1,0.25,0.5,58,Light Pokémon,58,1.2,Lanturn,50,171,76,67,water,electric,22.5,2,0
"['Static', 'Lightningrod']",1,1,0.5,1,40,Tiny Mouse Pokémon,15,0.3,Pichu,50,172,35,60,electric,,2,2,0
"['Cute Charm', 'Magic Guard', 'Friend Guard']",1,1,2,1,25,Star Shape Pokémon,28,0.3,Cleffa,24.6,173,45,15,fairy,,3,2,0
"['Cute Charm', 'Competitive', 'Friend Guard']",1,1,2,1,30,Balloon Pokémon,15,0.3,Igglybuff,24.6,174,40,15,normal,fairy,1,2,0
"['Hustle', 'Serene Grace', 'Super Luck']",1,1,2,1,20,Spike Ball Pokémon,65,0.3,Togepi,88.1,175,40,20,fairy,,1.5,2,0
"['Hustle', 'Serene Grace', 'Super Luck']",1,2,2,1,40,Happiness Pokémon,85,0.6,Togetic,88.1,176,80,40,fairy,flying,3.2,2,0
"['Synchronize', 'Early Bird', 'Magic Bounce']",0.5,2,1,1,50,Little Bird Pokémon,45,0.2,Natu,50,177,70,70,psychic,flying,2,2,0
"['Synchronize', 'Early Bird', 'Magic Bounce']",0.5,2,1,1,75,Mystic Pokémon,70,1.5,Xatu,50,178,95,95,psychic,flying,15,2,0
"['Static', 'Plus']",1,1,0.5,1,40,Wool Pokémon,40,0.6,Mareep,50,179,65,35,electric,,7.8,2,0
"['Static', 'Plus']",1,1,0.5,1,55,Wool Pokémon,55,0.8,Flaaffy,50,180,80,45,electric,,13.3,2,0
"['Static', 'Plus']",1,1,0.5,1,95,Light Pokémon,105,1.4,Ampharos,50,181,165,45,electric,,61.5,2,0
"['Chlorophyll', 'Healer']",1,1,1,0.5,80,Flower Pokémon,95,0.4,Bellossom,50,182,90,50,grass,,5.8,2,0
"['Thick Fat', 'Huge Power', 'Sap Sipper']",1,1,1,0.5,20,Aquamouse Pokémon,50,0.4,Marill,50,183,20,40,water,fairy,8.5,2,0
"['Thick Fat', 'Huge Power', 'Sap Sipper']",1,1,1,0.5,50,Aquarabbit Pokémon,80,0.8,Azumarill,50,184,60,50,water,fairy,28.5,2,0
"['Sturdy', 'Rock Head', 'Rattled']",1,1,2,2,100,Imitation Pokémon,115,1.2,Sudowoodo,50,185,30,30,rock,,38,2,0
"['Water Absorb', 'Damp', 'Drizzle']",1,1,0.5,0.5,75,Frog Pokémon,75,1.1,Politoed,50,186,90,70,water,,33.9,2,0
"['Chlorophyll', 'Leaf Guard', 'Infiltrator']",1,2,1,0.5,35,Cottonweed Pokémon,40,0.4,Hoppip,50,187,35,50,grass,flying,0.5,2,0
"['Chlorophyll', 'Leaf Guard', 'Infiltrator']",1,2,1,0.5,45,Cottonweed Pokémon,50,0.6,Skiploom,50,188,45,80,grass,flying,1,2,0
"['Chlorophyll', 'Leaf Guard', 'Infiltrator']",1,2,1,0.5,55,Cottonweed Pokémon,70,0.8,Jumpluff,50,189,55,110,grass,flying,3,2,0
"['Run Away', 'Pickup', 'Skill Link']",1,1,1,1,70,Long Tail Pokémon,55,0.8,Aipom,50,190,40,85,normal,,11.5,2,0
"['Chlorophyll', 'Solar Power', 'Early Bird']",1,1,1,0.5,30,Seed Pokémon,30,0.3,Sunkern,50,191,30,30,grass,,1.8,2,0
"['Chlorophyll', 'Solar Power', 'Early Bird']",1,1,1,0.5,75,Sun Pokémon,55,0.8,Sunflora,50,192,105,30,grass,,8.5,2,0
"['Speed Boost', 'Compoundeyes', 'Frisk']",1,4,1,1,65,Clear Wing Pokémon,45,1.2,Yanma,50,193,75,95,bug,flying,38,2,0
"['Damp', 'Water Absorb', 'Unaware']",1,0.5,0.5,1,45,Water Fish Pokémon,45,0.4,Wooper,50,194,25,15,water,ground,8.5,2,0
"['Damp', 'Water Absorb', 'Unaware']",1,0.5,0.5,1,85,Water Fish Pokémon,85,1.4,Quagsire,50,195,65,35,water,ground,75,2,0
"['Synchronize', 'Magic Bounce']",0.5,1,1,1,65,Sun Pokémon,60,0.9,Espeon,88.1,196,130,110,psychic,,26.5,2,0
"['Synchronize', 'Inner Focus']",0,1,1,1,65,Moonlight Pokémon,110,1,Umbreon,88.1,197,60,65,dark,,27,2,0
"['Insomnia', 'Super Luck', 'Prankster']",0,2,1,1,85,Darkness Pokémon,42,0.5,Murkrow,50,198,85,91,dark,flying,2.1,2,0
"['Oblivious', 'Own Tempo', 'Regenerator']",0.5,1,0.5,0.5,75,Royal Pokémon,80,2,Slowking,50,199,100,30,water,psychic,79.5,2,0
['Levitate'],1,1,1,1,60,Screech Pokémon,60,0.7,Misdreavus,50,200,85,85,ghost,,1,2,0
['Levitate'],0.5,1,1,1,72,Symbol Pokémon,48,0.5,Unown,,201,72,48,psychic,,5,2,0
"['Shadow Tag', 'Telepathy']",0.5,1,1,1,33,Patient Pokémon,58,1.3,Wobbuffet,50,202,33,33,psychic,,28.5,2,0
"['Inner Focus', 'Early Bird', 'Sap Sipper']",0.5,1,1,1,80,Long Neck Pokémon,65,1.5,Girafarig,50,203,90,85,normal,psychic,41.5,2,0
"['Sturdy', 'Overcoat']",1,2,1,1,65,Bagworm Pokémon,90,0.6,Pineco,50,204,35,15,bug,,7.2,2,0
"['Sturdy', 'Overcoat']",0.5,1,0.5,1,90,Bagworm Pokémon,140,1.2,Forretress,50,205,60,40,bug,steel,125.8,2,0
"['Serene Grace', 'Run Away', 'Rattled']",1,1,1,1,70,Land Snake Pokémon,70,1.5,Dunsparce,50,206,65,45,normal,,14,2,0
"['Hyper Cutter', 'Sand Veil', 'Immunity']",1,1,1,2,75,Flyscorpion Pokémon,105,1.1,Gligar,50,207,35,85,ground,flying,64.8,2,0
"['Rock Head', 'Sturdy', 'Sheer Force']",0.5,0.25,0.5,2,125,Iron Snake Pokémon,230,9.2,Steelix,50,208,55,30,steel,ground,400,2,0
"['Intimidate', 'Run Away', 'Rattled']",1,1,2,1,80,Fairy Pokémon,50,0.6,Snubbull,24.6,209,40,30,fairy,,7.8,2,0
"['Intimidate', 'Quick Feet', 'Rattled']",1,1,2,1,120,Fairy Pokémon,75,1.4,Granbull,24.6,210,60,45,fairy,,48.7,2,0
"['Poison Point', 'Swift Swim', 'Intimidate']",2,1,0.5,0.5,95,Balloon Pokémon,85,0.5,Qwilfish,50,211,55,85,water,poison,3.9,2,0
"['Swarm', 'Technician', 'Light Metal']",0.5,1,0.5,1,150,Pincer Pokémon,140,1.8,Scizor,50,212,65,75,bug,steel,118,2,0
"['Sturdy', 'Gluttony', 'Contrary']",1,2,2,2,10,Mold Pokémon,230,0.6,Shuckle,50,213,10,5,bug,rock,20.5,2,0
"['Swarm', 'Guts', 'Moxie']",2,1,1,1,185,Singlehorn Pokémon,115,1.5,Heracross,50,214,40,75,bug,fighting,54,2,0
"['Inner Focus', 'Keen Eye', 'Pickpocket']",0,2,2,1,95,Sharp Claw Pokémon,55,0.9,Sneasel,50,215,35,115,dark,ice,28,2,0
"['Pickup', 'Quick Feet', 'Honey Gather']",1,1,1,1,80,Little Bear Pokémon,50,0.6,Teddiursa,50,216,50,40,normal,,8.8,2,0
"['Guts', 'Quick Feet', 'Unnerve']",1,1,1,1,130,Hibernator Pokémon,75,1.8,Ursaring,50,217,75,55,normal,,125.8,2,0
"['Magma Armor', 'Flame Body', 'Weak Armor']",1,2,0.5,2,40,Lava Pokémon,40,0.7,Slugma,50,218,70,20,fire,,35,2,0
"['Magma Armor', 'Flame Body', 'Weak Armor']",1,2,1,4,50,Lava Pokémon,120,0.8,Magcargo,50,219,90,30,fire,rock,55,2,0
"['Oblivious', 'Snow Cloak', 'Thick Fat']",1,1,2,2,50,Pig Pokémon,40,0.4,Swinub,50,220,30,50,ice,ground,6.5,2,0
"['Oblivious', 'Snow Cloak', 'Thick Fat']",1,1,2,2,100,Swine Pokémon,80,1.1,Piloswine,50,221,60,50,ice,ground,55.8,2,0
"['Hustle', 'Natural Cure', 'Regenerator']",1,1,1,1,55,Coral Pokémon,95,0.6,Corsola,24.6,222,65,35,water,rock,5,2,0
"['Hustle', 'Sniper', 'Moody']",1,1,0.5,0.5,65,Jet Pokémon,35,0.6,Remoraid,50,223,65,65,water,,12,2,0
"['Suction Cups', 'Sniper', 'Moody']",1,1,0.5,0.5,105,Jet Pokémon,75,0.9,Octillery,50,224,105,45,water,,28.5,2,0
"['Vital Spirit', 'Hustle', 'Insomnia']",1,4,2,1,55,Delivery Pokémon,45,0.9,Delibird,50,225,65,75,ice,flying,16,2,0
"['Swift Swim', 'Water Absorb', 'Water Veil']",1,2,0.5,0.5,40,Kite Pokémon,70,2.1,Mantine,50,226,80,70,water,flying,220,2,0
"['Keen Eye', 'Sturdy', 'Weak Armor']",0.5,1,0.5,1,80,Armor Bird Pokémon,140,1.7,Skarmory,50,227,40,70,steel,flying,50.5,2,0
"['Early Bird', 'Flash Fire', 'Unnerve']",0,2,0.5,2,60,Dark Pokémon,30,0.6,Houndour,50,228,80,65,dark,fire,10.8,2,0
"['Early Bird', 'Flash Fire', 'Unnerve']",0,2,0.5,2,90,Dark Pokémon,90,1.4,Houndoom,50,229,140,115,dark,fire,35,2,0
"['Swift Swim', 'Sniper', 'Damp']",1,1,0.5,0.25,95,Dragon Pokémon,95,1.8,Kingdra,50,230,95,85,water,dragon,152,2,0
"['Pickup', 'Sand Veil']",1,0.5,1,2,60,Long Nose Pokémon,60,0.5,Phanpy,50,231,40,40,ground,,33.5,2,0
"['Sturdy', 'Sand Veil']",1,0.5,1,2,120,Armor Pokémon,120,1.1,Donphan,50,232,60,50,ground,,120,2,0
"['Trace', 'Download', 'Analytic']",1,1,1,1,80,Virtual Pokémon,90,0.6,Porygon2,,233,105,60,normal,,32.5,2,0
"['Intimidate', 'Frisk', 'Sap Sipper']",1,1,1,1,95,Big Horn Pokémon,62,1.4,Stantler,50,234,85,85,normal,,71.2,2,0
"['Own Tempo', 'Technician', 'Moody']",1,1,1,1,20,Painter Pokémon,35,1.2,Smeargle,50,235,20,75,normal,,58,2,0
"['Guts', 'Steadfast', 'Vital Spirit']",2,0.5,1,1,35,Scuffle Pokémon,35,0.7,Tyrogue,100,236,35,35,fighting,,21,2,0
"['Intimidate', 'Technician', 'Steadfast']",2,0.5,1,1,95,Handstand Pokémon,95,1.4,Hitmontop,100,237,35,70,fighting,,48,2,0
"['Oblivious', 'Forewarn', 'Hydration']",0.5,2,2,1,30,Kiss Pokémon,15,0.4,Smoochum,0,238,85,65,ice,psychic,6,2,0
"['Static', 'Vital Spirit']",1,1,0.5,1,63,Electric Pokémon,37,0.6,Elekid,75.4,239,65,95,electric,,23.5,2,0
"['Flame Body', 'Vital Spirit']",1,2,0.5,2,75,Live Coal Pokémon,37,0.7,Magby,75.4,240,70,83,fire,,21.4,2,0
"['Thick Fat', 'Scrappy', 'Sap Sipper']",1,1,1,1,80,Milk Cow Pokémon,105,1.2,Miltank,0,241,40,100,normal,,75.5,2,0
"['Natural Cure', 'Serene Grace', 'Healer']",1,1,1,1,10,Happiness Pokémon,10,1.5,Blissey,0,242,75,55,normal,,46.8,2,0
"['Pressure', 'Inner Focus']",1,1,0.5,1,85,Thunder Pokémon,75,1.9,Raikou,,243,115,115,electric,,178,2,1
"['Pressure', 'Inner Focus']",1,2,0.5,2,115,Volcano Pokémon,85,2.1,Entei,,244,90,100,fire,,198,2,1
"['Pressure', 'Inner Focus']",1,1,0.5,0.5,75,Aurora Pokémon,115,2,Suicune,,245,90,85,water,,187,2,1
"['Guts', 'Sand Veil']",1,0.5,2,4,64,Rock Skin Pokémon,50,0.6,Larvitar,50,246,45,41,rock,ground,72,2,0
['Shed Skin'],1,0.5,2,4,84,Hard Shell Pokémon,70,1.2,Pupitar,50,247,65,51,rock,ground,152,2,0
"['Sand Stream', 'Unnerve']",0,1,2,2,164,Armor Pokémon,150,2,Tyranitar,50,248,95,71,rock,dark,202,2,0
"['Pressure', 'Multiscale']",0.5,2,1,1,90,Diving Pokémon,130,5.2,Lugia,,249,90,110,psychic,flying,216,2,1
"['Pressure', 'Regenerator']",1,4,0.5,2,130,Rainbow Pokémon,90,3.8,Ho-Oh,,250,110,90,fire,flying,199,2,1
['Natural Cure'],0.5,1,1,0.5,100,Time Travel Pokémon,100,0.6,Celebi,,251,100,100,psychic,grass,5,2,1
"['Overgrow', 'Unburden']",1,1,1,0.5,45,Wood Gecko Pokémon,35,0.5,Treecko,88.1,252,65,70,grass,,5,3,0
"['Overgrow', 'Unburden']",1,1,1,0.5,65,Wood Gecko Pokémon,45,0.9,Grovyle,88.1,253,85,95,grass,,21.6,3,0
"['Overgrow', 'Unburden']",1,1,1,0.5,110,Forest Pokémon,75,1.7,Sceptile,88.1,254,145,145,grass,,52.2,3,0
"['Blaze', 'Speed Boost']",1,2,0.5,2,60,Chick Pokémon,40,0.4,Torchic,88.1,255,70,45,fire,,2.5,3,0
"['Blaze', 'Speed Boost']",2,1,0.5,2,85,Young Fowl Pokémon,60,0.9,Combusken,88.1,256,85,55,fire,fighting,19.5,3,0
"['Blaze', 'Speed Boost']",2,1,0.5,2,160,Blaze Pokémon,80,1.9,Blaziken,88.1,257,130,100,fire,fighting,52,3,0
"['Torrent', 'Damp']",1,1,0.5,0.5,70,Mud Fish Pokémon,50,0.4,Mudkip,88.1,258,50,40,water,,7.6,3,0
"['Torrent', 'Damp']",1,0.5,0.5,1,85,Mud Fish Pokémon,70,0.7,Marshtomp,88.1,259,60,50,water,ground,28,3,0
"['Torrent', 'Damp']",1,0.5,0.5,1,150,Mud Fish Pokémon,110,1.5,Swampert,88.1,260,95,70,water,ground,81.9,3,0
"['Run Away', 'Quick Feet', 'Rattled']",0,1,1,1,55,Bite Pokémon,35,0.5,Poochyena,50,261,30,35,dark,,13.6,3,0
"['Intimidate', 'Quick Feet', 'Moxie']",0,1,1,1,90,Bite Pokémon,70,1,Mightyena,50,262,60,70,dark,,37,3,0
"['Pickup', 'Gluttony', 'Quick Feet']",1,1,1,1,30,Tiny Racoon Pokémon,41,0.4,Zigzagoon,50,263,30,60,normal,,17.5,3,0
"['Pickup', 'Gluttony', 'Quick Feet']",1,1,1,1,70,Rush Pokémon,61,0.5,Linoone,50,264,50,100,normal,,32.5,3,0
"['Shield Dust', 'Run Away']",1,2,1,1,45,Worm Pokémon,35,0.3,Wurmple,50,265,20,20,bug,,3.6,3,0
['Shed Skin'],1,2,1,1,35,Cocoon Pokémon,55,0.6,Silcoon,50,266,25,15,bug,,10,3,0
"['Swarm', 'Rivalry']",1,4,1,1,70,Butterfly Pokémon,50,1,Beautifly,50,267,100,65,bug,flying,28.4,3,0
['Shed Skin'],1,2,1,1,35,Cocoon Pokémon,55,0.7,Cascoon,50,268,25,15,bug,,11.5,3,0
"['Shield Dust', 'Compoundeyes']",2,2,1,1,50,Poison Moth Pokémon,70,1.2,Dustox,50,269,50,65,bug,poison,31.6,3,0
"['Swift Swim', 'Rain Dish', 'Own Tempo']",1,1,0.5,0.25,30,Water Weed Pokémon,30,0.5,Lotad,50,270,40,30,water,grass,2.6,3,0
"['Swift Swim', 'Rain Dish', 'Own Tempo']",1,1,0.5,0.25,50,Jolly Pokémon,50,1.2,Lombre,50,271,60,50,water,grass,32.5,3,0
"['Swift Swim', 'Rain Dish', 'Own Tempo']",1,1,0.5,0.25,70,Carefree Pokémon,70,1.5,Ludicolo,50,272,90,70,water,grass,55,3,0
"['Chlorophyll', 'Early Bird', 'Pickpocket']",1,1,1,0.5,40,Acorn Pokémon,50,0.5,Seedot,50,273,30,30,grass,,4,3,0
"['Chlorophyll', 'Early Bird', 'Pickpocket']",0,1,1,0.5,70,Wily Pokémon,40,1,Nuzleaf,50,274,60,60,grass,dark,28,3,0
"['Chlorophyll', 'Early Bird', 'Pickpocket']",0,1,1,0.5,100,Wickid Pokémon,60,1.3,Shiftry,50,275,90,80,grass,dark,59.6,3,0
"['Guts', 'Scrappy']",1,2,1,1,55,TinySwallow Pokémon,30,0.3,Taillow,50,276,30,85,normal,flying,2.3,3,0
"['Guts', 'Scrappy']",1,2,1,1,85,Swallow Pokémon,60,0.7,Swellow,50,277,75,125,normal,flying,19.8,3,0
"['Keen Eye', 'Hydration', 'Rain Dish']",1,2,0.5,0.5,30,Seagull Pokémon,30,0.6,Wingull,50,278,55,85,water,flying,9.5,3,0
"['Keen Eye', 'Drizzle', 'Rain Dish']",1,2,0.5,0.5,50,Water Bird Pokémon,100,1.2,Pelipper,50,279,95,65,water,flying,28,3,0
"['Synchronize', 'Trace', 'Telepathy']",0.5,1,2,1,25,Feeling Pokémon,25,0.4,Ralts,50,280,45,40,psychic,fairy,6.6,3,0
"['Synchronize', 'Trace', 'Telepathy']",0.5,1,2,1,35,Emotion Pokémon,35,0.8,Kirlia,50,281,65,50,psychic,fairy,20.2,3,0
"['Synchronize', 'Trace', 'Telepathy']",0.5,1,2,1,85,Embrace Pokémon,65,1.6,Gardevoir,50,282,165,100,psychic,fairy,48.4,3,0
"['Swift Swim', 'Rain Dish']",1,2,0.5,0.5,30,Pond Skater Pokémon,32,0.5,Surskit,50,283,50,65,bug,water,1.7,3,0
"['Intimidate', 'Unnerve']",1,4,1,1,60,Eyeball Pokémon,62,0.8,Masquerain,50,284,100,80,bug,flying,3.6,3,0
"['Effect Spore', 'Poison Heal', 'Quick Feet']",1,1,1,0.5,40,Mushroom Pokémon,60,0.4,Shroomish,50,285,40,35,grass,,4.5,3,0
"['Effect Spore', 'Poison Heal', 'Technician']",2,0.5,1,0.5,130,Mushroom Pokémon,80,1.2,Breloom,50,286,60,70,grass,fighting,39.2,3,0
['Truant'],1,1,1,1,60,Slacker Pokémon,60,0.8,Slakoth,50,287,35,30,normal,,24,3,0
['Vital Spirit'],1,1,1,1,80,Wild Monkey Pokémon,80,1.4,Vigoroth,50,288,55,90,normal,,46.5,3,0
['Truant'],1,1,1,1,160,Lazy Pokémon,100,2,Slaking,50,289,95,100,normal,,130.5,3,0
"['Compoundeyes', 'Run Away']",1,1,1,2,45,Trainee Pokémon,90,0.5,Nincada,50,290,30,40,bug,ground,5.5,3,0
"['Speed Boost', 'Infiltrator']",1,4,1,1,90,Ninja Pokémon,45,0.8,Ninjask,50,291,50,160,bug,flying,12,3,0
['Wonder Guard'],1,2,1,1,90,Shed Pokémon,45,0.8,Shedinja,,292,30,40,bug,ghost,1.2,3,0
"['Soundproof', 'Rattled']",1,1,1,1,51,Whisper Pokémon,23,0.6,Whismur,50,293,51,28,normal,,16.3,3,0
"['Soundproof', 'Scrappy']",1,1,1,1,71,Big Voice Pokémon,43,1,Loudred,50,294,71,48,normal,,40.5,3,0
"['Soundproof', 'Scrappy']",1,1,1,1,91,Loud Noise Pokémon,63,1.5,Exploud,50,295,91,68,normal,,84,3,0
"['Thick Fat', 'Guts', 'Sheer Force']",2,0.5,1,1,60,Guts Pokémon,30,1,Makuhita,75.4,296,20,25,fighting,,86.4,3,0
"['Thick Fat', 'Guts', 'Sheer Force']",2,0.5,1,1,120,Arm Thrust Pokémon,60,2.3,Hariyama,75.4,297,40,50,fighting,,253.8,3,0
"['Thick Fat', 'Huge Power', 'Sap Sipper']",1,1,2,1,20,Polka Dot Pokémon,40,0.2,Azurill,24.6,298,20,20,normal,fairy,2,3,0
"['Sturdy', 'Magnet Pull', 'Sand Force']",1,1,2,2,45,Compass Pokémon,135,1,Nosepass,50,299,45,30,rock,,97,3,0
"['Cute Charm', 'Normalize', 'Wonder Skin ']",1,1,1,1,45,Kitten Pokémon,45,0.6,Skitty,24.6,300,35,50,normal,,11,3,0
"['Cute Charm', 'Normalize', 'Wonder Skin ']",1,1,1,1,65,Prim Pokémon,65,1.1,Delcatty,24.6,301,55,90,normal,,32.6,3,0
"['Keen Eye', 'Stall', 'Prankster']",0,1,1,1,85,Darkness Pokémon,125,0.5,Sableye,50,302,85,20,dark,ghost,11,3,0
"['Hyper Cutter', 'Intimidate', 'Sheer Force']",0.5,0.5,1,1,105,Deceiver Pokémon,125,0.6,Mawile,50,303,55,50,steel,fairy,11.5,3,0
"['Sturdy', 'Rock Head', 'Heavy Metal']",0.5,0.5,1,2,70,Iron Armor Pokémon,100,0.4,Aron,50,304,40,30,steel,rock,60,3,0
"['Sturdy', 'Rock Head', 'Heavy Metal']",0.5,0.5,1,2,90,Iron Armor Pokémon,140,0.9,Lairon,50,305,50,40,steel,rock,120,3,0
"['Sturdy', 'Rock Head', 'Heavy Metal']",0.5,0.5,1,2,140,Iron Armor Pokémon,230,2.1,Aggron,50,306,60,50,steel,rock,360,3,0
"['Pure Power', 'Telepathy']",1,0.5,1,1,40,Meditate Pokémon,55,0.6,Meditite,50,307,40,60,fighting,psychic,11.2,3,0
"['Pure Power', 'Telepathy']",1,0.5,1,1,100,Meditate Pokémon,85,1.3,Medicham,50,308,80,100,fighting,psychic,31.5,3,0
"['Static', 'Lightningrod', 'Minus']",1,1,0.5,1,45,Lightning Pokémon,40,0.6,Electrike,50,309,65,65,electric,,15.2,3,0
"['Static', 'Lightningrod', 'Minus']",1,1,0.5,1,75,Discharge Pokémon,80,1.5,Manectric,50,310,135,135,electric,,40.2,3,0
"['Plus', 'Lightningrod']",1,1,0.5,1,50,Cheering Pokémon,40,0.4,Plusle,50,311,85,95,electric,,4.2,3,0
"['Minus', 'Volt Absorb']",1,1,0.5,1,40,Cheering Pokémon,50,0.4,Minun,50,312,75,95,electric,,4.2,3,0
"['Illuminate', 'Swarm', 'Prankster']",1,2,1,1,73,Firefly Pokémon,75,0.7,Volbeat,100,313,47,85,bug,,17.7,3,0
"['Oblivious', 'Tinted Lens', 'Prankster']",1,2,1,1,47,Firefly Pokémon,75,0.6,Illumise,0,314,73,85,bug,,17.7,3,0
"['Natural Cure', 'Poison Point', 'Leaf Guard']",2,1,1,0.5,60,Thorn Pokémon,45,0.3,Roselia,50,315,100,65,grass,poison,2,3,0
"['Liquid Ooze', 'Sticky Hold', 'Gluttony']",2,1,1,1,43,Stomach Pokémon,53,0.4,Gulpin,50,316,43,40,poison,,10.3,3,0
"['Liquid Ooze', 'Sticky Hold', 'Gluttony']",2,1,1,1,73,Poison Bag Pokémon,83,1.7,Swalot,50,317,73,55,poison,,80,3,0
"['Rough Skin', 'Speed Boost']",0,1,0.5,0.5,90,Savage Pokémon,20,0.8,Carvanha,50,318,65,65,water,dark,20.8,3,0
"['Rough Skin', 'Speed Boost']",0,1,0.5,0.5,140,Brutal Pokémon,70,1.8,Sharpedo,50,319,110,105,water,dark,88.8,3,0
"['Water Veil', 'Oblivious', 'Pressure']",1,1,0.5,0.5,70,Ball Whale Pokémon,35,2,Wailmer,50,320,70,60,water,,130,3,0
"['Water Veil', 'Oblivious', 'Pressure']",1,1,0.5,0.5,90,Float Whale Pokémon,45,14.5,Wailord,50,321,90,60,water,,398,3,0
"['Oblivious', 'Simple', 'Own Tempo']",1,1,0.5,4,60,Numb Pokémon,40,0.7,Numel,50,322,65,35,fire,ground,24,3,0
"['Magma Armor', 'Solid Rock', 'Anger Point']",1,1,0.5,4,120,Eruption Pokémon,100,1.9,Camerupt,50,323,145,20,fire,ground,220,3,0
"['White Smoke', 'Drought', 'Shell Armor']",1,2,0.5,2,85,Coal Pokémon,140,0.5,Torkoal,50,324,85,20,fire,,80.4,3,0
"['Thick Fat', 'Own Tempo', 'Gluttony']",0.5,1,1,1,25,Bounce Pokémon,35,0.7,Spoink,50,325,70,60,psychic,,30.6,3,0
"['Thick Fat', 'Own Tempo', 'Gluttony']",0.5,1,1,1,45,Manipulate Pokémon,65,0.9,Grumpig,50,326,90,80,psychic,,71.5,3,0
"['Own Tempo', 'Tangled Feet', 'Contrary']",1,1,1,1,60,Spot Panda Pokémon,60,1.1,Spinda,50,327,60,60,normal,,5,3,0
"['Hyper Cutter', 'Arena Trap', 'Sheer Force']",1,0.5,1,2,100,Ant Pit Pokémon,45,0.7,Trapinch,50,328,45,10,ground,,15,3,0
['Levitate'],1,0.5,1,1,70,Vibration Pokémon,50,1.1,Vibrava,50,329,50,70,ground,dragon,15.3,3,0
['Levitate'],1,0.5,1,1,100,Mystic Pokémon,80,2,Flygon,50,330,80,100,ground,dragon,82,3,0
"['Sand Veil', 'Water Absorb']",1,1,1,0.5,85,Cactus Pokémon,40,0.4,Cacnea,50,331,85,35,grass,,51.3,3,0
"['Sand Veil', 'Water Absorb']",0,1,1,0.5,115,Scarecrow Pokémon,60,1.3,Cacturne,50,332,115,55,grass,dark,77.4,3,0
"['Natural Cure', 'Cloud Nine']",1,2,1,1,40,Cotton Bird Pokémon,60,0.4,Swablu,50,333,40,50,normal,flying,1.2,3,0
"['Natural Cure', 'Cloud Nine']",1,2,1,0.5,110,Humming Pokémon,110,1.1,Altaria,50,334,110,80,dragon,flying,20.6,3,0
"['Immunity', 'Toxic Boost']",1,1,1,1,115,Cat Ferret Pokémon,60,1.3,Zangoose,50,335,60,90,normal,,40.3,3,0
"['Shed Skin', 'Infiltrator']",2,1,1,1,100,Fang Snake Pokémon,60,2.7,Seviper,50,336,100,65,poison,,52.5,3,0
['Levitate'],0.5,1,2,2,55,Meteorite Pokémon,65,1,Lunatone,,337,95,70,rock,psychic,168,3,0
['Levitate'],0.5,1,2,2,95,Meteorite Pokémon,85,1.2,Solrock,,338,55,70,rock,psychic,154,3,0
"['Oblivious', 'Anticipation', 'Hydration']",1,0.5,0.5,1,48,Whiskers Pokémon,43,0.4,Barboach,50,339,46,60,water,ground,1.9,3,0
"['Oblivious', 'Anticipation', 'Hydration']",1,0.5,0.5,1,78,Whiskers Pokémon,73,0.9,Whiscash,50,340,76,60,water,ground,23.6,3,0
"['Hyper Cutter', 'Shell Armor', 'Adaptability']",1,1,0.5,0.5,80,Ruffian Pokémon,65,0.6,Corphish,50,341,50,35,water,,11.5,3,0
"['Hyper Cutter', 'Shell Armor', 'Adaptability']",0,1,0.5,0.5,120,Rogue Pokémon,85,1.1,Crawdaunt,50,342,90,55,water,dark,32.8,3,0
['Levitate'],0.5,0.5,1,2,40,Clay Doll Pokémon,55,0.5,Baltoy,,343,40,55,ground,psychic,21.5,3,0
['Levitate'],0.5,0.5,1,2,70,Clay Doll Pokémon,105,1.5,Claydol,,344,70,75,ground,psychic,108,3,0
"['Suction Cups', 'Storm Drain']",1,1,2,1,41,Sea Lily Pokémon,77,1,Lileep,88.1,345,61,23,rock,grass,23.8,3,0
"['Suction Cups', 'Storm Drain']",1,1,2,1,81,Barnacle Pokémon,97,1.5,Cradily,88.1,346,81,43,rock,grass,60.4,3,0
"['Battle Armor', 'Swift Swim']",1,2,2,2,95,Old Shrimp Pokémon,50,0.7,Anorith,88.1,347,40,75,rock,bug,12.5,3,0
"['Battle Armor', 'Swift Swim']",1,2,2,2,125,Plate Pokémon,100,1.5,Armaldo,88.1,348,70,45,rock,bug,68.2,3,0
"['Swift Swim', 'Oblivious', 'Adaptability']",1,1,0.5,0.5,15,Fish Pokémon,20,0.6,Feebas,50,349,10,80,water,,7.4,3,0
"['Marvel Scale', 'Competitive', 'Cute Charm']",1,1,0.5,0.5,60,Tender Pokémon,79,6.2,Milotic,50,350,100,81,water,,162,3,0
['Forecast'],1,1,1,1,70,Weather Pokémon,70,0.3,Castform,50,351,70,70,normal,,0.8,3,0
"['Color Change', 'Protean']",1,1,1,1,90,Color Swap Pokémon,70,1,Kecleon,50,352,60,40,normal,,22,3,0
"['Insomnia', 'Frisk', 'Cursed Body']",1,1,1,1,75,Puppet Pokémon,35,0.6,Shuppet,50,353,63,45,ghost,,2.3,3,0
"['Insomnia', 'Frisk', 'Cursed Body']",1,1,1,1,165,Marionette Pokémon,75,1.1,Banette,50,354,93,75,ghost,,12.5,3,0
"['Levitate', 'Frisk']",1,1,1,1,40,Requiem Pokémon,90,0.8,Duskull,50,355,30,25,ghost,,15,3,0
"['Pressure', 'Frisk']",1,1,1,1,70,Beckon Pokémon,130,1.6,Dusclops,50,356,60,25,ghost,,30.6,3,0
"['Chlorophyll', 'Solar Power', 'Harvest']",1,2,1,0.5,68,Fruit Pokémon,83,2,Tropius,50,357,72,51,grass,flying,100,3,0
['Levitate'],0.5,1,1,1,50,Wind Chime Pokémon,80,0.6,Chimecho,50,358,95,65,psychic,,1,3,0
"['Pressure', 'Super Luck', 'Justified']",0,1,1,1,150,Disaster Pokémon,60,1.2,Absol,50,359,115,115,dark,,47,3,0
"['Shadow Tag', 'Telepathy']",0.5,1,1,1,23,Bright Pokémon,48,0.6,Wynaut,50,360,23,23,psychic,,14,3,0
"['Inner Focus', 'Ice Body', 'Moody']",1,2,2,1,50,Snow Hat Pokémon,50,0.7,Snorunt,50,361,50,50,ice,,16.8,3,0
"['Inner Focus', 'Ice Body', 'Moody']",1,2,2,1,120,Face Pokémon,80,1.5,Glalie,50,362,120,100,ice,,256.5,3,0
"['Thick Fat', 'Ice Body', 'Oblivious']",1,2,1,0.5,40,Clap Pokémon,50,0.8,Spheal,50,363,55,25,ice,water,39.5,3,0
"['Thick Fat', 'Ice Body', 'Oblivious']",1,2,1,0.5,60,Ball Roll Pokémon,70,1.1,Sealeo,50,364,75,45,ice,water,87.6,3,0
"['Thick Fat', 'Ice Body', 'Oblivious']",1,2,1,0.5,80,Ice Break Pokémon,90,1.4,Walrein,50,365,95,65,ice,water,150.6,3,0
"['Shell Armor', 'Rattled']",1,1,0.5,0.5,64,Bivalve Pokémon,85,0.4,Clamperl,50,366,74,32,water,,52.5,3,0
"['Swift Swim', 'Water Veil']",1,1,0.5,0.5,104,Deep Sea Pokémon,105,1.7,Huntail,50,367,94,52,water,,27,3,0
"['Swift Swim', 'Hydration']",1,1,0.5,0.5,84,South Sea Pokémon,105,1.8,Gorebyss,50,368,114,52,water,,22.6,3,0
"['Swift Swim', 'Rock Head', 'Sturdy']",1,1,1,1,90,Longevity Pokémon,130,1,Relicanth,88.1,369,45,55,water,rock,23.4,3,0
"['Swift Swim', 'Hydration']",1,1,0.5,0.5,30,Rendezvous Pokémon,55,0.6,Luvdisc,24.6,370,40,97,water,,8.7,3,0
"['Rock Head', 'Sheer Force']",1,1,1,0.5,75,Rock Head Pokémon,60,0.6,Bagon,50,371,40,50,dragon,,42.1,3,0
"['Rock Head', 'Overcoat']",1,1,1,0.5,95,Endurance Pokémon,100,1.1,Shelgon,50,372,60,50,dragon,,110.5,3,0
"['Intimidate', 'Moxie']",1,2,1,0.5,145,Dragon Pokémon,130,1.5,Salamence,50,373,120,120,dragon,flying,102.6,3,0
"['Clear Body', 'Light Metal']",0.25,0.5,0.5,1,55,Iron Ball Pokémon,80,0.6,Beldum,,374,35,30,steel,psychic,95.2,3,0
"['Clear Body', 'Light Metal']",0.25,0.5,0.5,1,75,Iron Claw Pokémon,100,1.2,Metang,,375,55,50,steel,psychic,202.5,3,0
"['Clear Body', 'Light Metal']",0.25,0.5,0.5,1,145,Iron Leg Pokémon,150,1.6,Metagross,,376,105,110,steel,psychic,550,3,0
"['Clear Body', 'Sturdy']",1,1,2,2,100,Rock Peak Pokémon,200,1.7,Regirock,,377,50,50,rock,,230,3,1
"['Clear Body', 'Ice Body']",1,2,2,1,50,Iceberg Pokémon,100,1.8,Regice,,378,100,50,ice,,175,3,1
"['Clear Body', 'Light Metal']",0.5,0.5,0.5,1,75,Iron Pokémon,150,1.9,Registeel,,379,75,50,steel,,205,3,1
['Levitate'],0.5,1,1,0.5,100,Eon Pokémon,120,1.4,Latias,0,380,140,110,dragon,psychic,40,3,1
['Levitate'],0.5,1,1,0.5,130,Eon Pokémon,100,2,Latios,100,381,160,110,dragon,psychic,60,3,1
['Drizzle'],1,1,0.5,0.5,150,Sea Basin Pokémon,90,4.5,Kyogre,,382,180,90,water,,352,3,1
['Drought'],1,0.5,1,2,180,Continent Pokémon,160,3.5,Groudon,,383,150,90,ground,,950,3,1
['Air Lock'],1,2,1,0.5,180,Sky High Pokémon,100,7,Rayquaza,,384,180,115,dragon,flying,206.5,3,1
['Serene Grace'],0.25,0.5,0.5,1,100,Wish Pokémon,100,0.3,Jirachi,,385,100,100,steel,psychic,1.1,3,1
['Pressure'],0.5,1,1,1,95,DNA Pokémon,90,1.7,Deoxys,,386,95,180,psychic,,60.8,3,1
"['Overgrow', 'Shell Armor']",1,1,1,0.5,68,Tiny Leaf Pokémon,64,0.4,Turtwig,88.1,387,45,31,grass,,10.2,4,0
"['Overgrow', 'Shell Armor']",1,1,1,0.5,89,Grove Pokémon,85,1.1,Grotle,88.1,388,55,36,grass,,97,4,0
"['Overgrow', 'Shell Armor']",1,0.5,1,1,109,Continent Pokémon,105,2.2,Torterra,88.1,389,75,56,grass,ground,310,4,0
"['Blaze', 'Iron Fist']",1,2,0.5,2,58,Chimp Pokémon,44,0.5,Chimchar,88.1,390,58,61,fire,,6.2,4,0
"['Blaze', 'Iron Fist']",2,1,0.5,2,78,Playful Pokémon,52,0.9,Monferno,88.1,391,78,81,fire,fighting,22,4,0
"['Blaze', 'Iron Fist']",2,1,0.5,2,104,Flame Pokémon,71,1.2,Infernape,88.1,392,104,108,fire,fighting,55,4,0
"['Torrent', 'Defiant']",1,1,0.5,0.5,51,Penguin Pokémon,53,0.4,Piplup,88.1,393,61,40,water,,5.2,4,0
"['Torrent', 'Defiant']",1,1,0.5,0.5,66,Penguin Pokémon,68,0.8,Prinplup,88.1,394,81,50,water,,23,4,0
"['Torrent', 'Defiant']",0.5,0.5,0.25,0.5,86,Emperor Pokémon,88,1.7,Empoleon,88.1,395,111,60,water,steel,84.5,4,0
"['Keen Eye', 'Reckless']",1,2,1,1,55,Starling Pokémon,30,0.3,Starly,50,396,30,60,normal,flying,2,4,0
"['Intimidate', 'Reckless']",1,2,1,1,75,Starling Pokémon,50,0.6,Staravia,50,397,40,80,normal,flying,15.5,4,0
"['Intimidate', 'Reckless']",1,2,1,1,120,Predator Pokémon,70,1.2,Staraptor,50,398,50,100,normal,flying,24.9,4,0
"['Simple', 'Unaware', 'Moody']",1,1,1,1,45,Plump Mouse Pokémon,40,0.5,Bidoof,50,399,35,31,normal,,20,4,0
"['Simple', 'Unaware', 'Moody']",1,1,0.5,0.5,85,Beaver Pokémon,60,1,Bibarel,50,400,55,71,normal,water,31.5,4,0
"['Shed Skin', 'Run Away']",1,2,1,1,25,Cricket Pokémon,41,0.3,Kricketot,50,401,25,25,bug,,2.2,4,0
"['Swarm', 'Technician']",1,2,1,1,85,Cricket Pokémon,51,1,Kricketune,50,402,55,65,bug,,25.5,4,0
"['Rivalry', 'Intimidate', 'Guts']",1,1,0.5,1,65,Flash Pokémon,34,0.5,Shinx,50,403,40,45,electric,,9.5,4,0
"['Rivalry', 'Intimidate', 'Guts']",1,1,0.5,1,85,Spark Pokémon,49,0.9,Luxio,50,404,60,60,electric,,30.5,4,0
"['Rivalry', 'Intimidate', 'Guts']",1,1,0.5,1,120,Gleam Eyes Pokémon,79,1.4,Luxray,50,405,95,70,electric,,42,4,0
"['Natural Cure', 'Poison Point', 'Leaf Guard']",2,1,1,0.5,30,Bud Pokémon,35,0.2,Budew,50,406,50,55,grass,poison,1.2,4,0
"['Natural Cure', 'Poison Point', 'Technician']",2,1,1,0.5,70,Bouquet Pokémon,65,0.9,Roserade,50,407,125,90,grass,poison,14.5,4,0
"['Mold Breaker', 'Sheer Force']",1,1,2,2,125,Head Butt Pokémon,40,0.9,Cranidos,88.1,408,30,58,rock,,31.5,4,0
"['Mold Breaker', 'Sheer Force']",1,1,2,2,165,Head Butt Pokémon,60,1.6,Rampardos,88.1,409,65,58,rock,,102.5,4,0
"['Sturdy', 'Soundproof']",0.5,0.5,1,2,42,Shield Pokémon,118,0.5,Shieldon,88.1,410,42,30,rock,steel,57,4,0
"['Sturdy', 'Soundproof']",0.5,0.5,1,2,52,Shield Pokémon,168,1.3,Bastiodon,88.1,411,47,30,rock,steel,149.5,4,0
"['Shed Skin', 'Overcoat']",1,2,1,1,29,Bagworm Pokémon,45,0.2,Burmy,50,412,29,36,bug,,3.4,4,0
"['Anticipation', 'Overcoat']",1,2,1,0.5,69,Bagworm Pokémon,95,0.5,Wormadam,0,413,69,36,bug,grass,6.5,4,0
"['Swarm', 'Tinted Lens']",1,4,1,1,94,Moth Pokémon,50,0.9,Mothim,100,414,94,66,bug,flying,23.3,4,0
"['Honey Gather', 'Hustle']",1,4,1,1,30,Tiny Bee Pokémon,42,0.3,Combee,88.1,415,30,70,bug,flying,5.5,4,0
"['Pressure', 'Unnerve']",1,4,1,1,80,Beehive Pokémon,102,1.2,Vespiquen,0,416,80,40,bug,flying,38.5,4,0
"['Run Away', 'Pickup', 'Volt Absorb']",1,1,0.5,1,45,EleSquirrel Pokémon,70,0.4,Pachirisu,50,417,45,95,electric,,3.9,4,0
"['Swift Swim', 'Water Veil']",1,1,0.5,0.5,65,Sea Weasel Pokémon,35,0.7,Buizel,50,418,60,85,water,,29.5,4,0
"['Swift Swim', 'Water Veil']",1,1,0.5,0.5,105,Sea Weasel Pokémon,55,1.1,Floatzel,50,419,85,115,water,,33.5,4,0
['Chlorophyll'],1,1,1,0.5,35,Cherry Pokémon,45,0.4,Cherubi,50,420,62,35,grass,,3.3,4,0
['Flower Gift'],1,1,1,0.5,60,Blossom Pokémon,70,0.5,Cherrim,50,421,87,85,grass,,9.3,4,0
"['Sticky Hold', 'Storm Drain', 'Sand Force']",1,1,0.5,0.5,48,Sea Slug Pokémon,48,0.3,Shellos,50,422,57,34,water,,6.3,4,0
"['Sticky Hold', 'Storm Drain', 'Sand Force']",1,0.5,0.5,1,83,Sea Slug Pokémon,68,0.9,Gastrodon,50,423,92,39,water,ground,29.9,4,0
"['Technician', 'Pickup', 'Skill Link']",1,1,1,1,100,Long Tail Pokémon,66,1.2,Ambipom,50,424,60,115,normal,,20.3,4,0
"['Aftermath', 'Unburden', 'Flare Boost']",1,2,1,1,50,Balloon Pokémon,34,0.4,Drifloon,50,425,60,70,ghost,flying,1.2,4,0
"['Aftermath', 'Unburden', 'Flare Boost']",1,2,1,1,80,Blimp Pokémon,44,1.2,Drifblim,50,426,90,80,ghost,flying,15,4,0
"['Run Away', 'Klutz', 'Limber']",1,1,1,1,66,Rabbit Pokémon,44,0.4,Buneary,50,427,44,85,normal,,5.5,4,0
"['Cute Charm', 'Klutz', 'Limber']",1,1,1,1,136,Rabbit Pokémon,94,1.2,Lopunny,50,428,54,135,normal,,33.3,4,0
['Levitate'],1,1,1,1,60,Magical Pokémon,60,0.9,Mismagius,50,429,105,105,ghost,,4.4,4,0
"['Insomnia', 'Super Luck', 'Moxie']",0,2,1,1,125,Big Boss Pokémon,52,0.9,Honchkrow,50,430,105,71,dark,flying,27.3,4,0
"['Limber', 'Own Tempo', 'Keen Eye']",1,1,1,1,55,Catty Pokémon,42,0.5,Glameow,24.6,431,42,85,normal,,3.9,4,0
"['Thick Fat', 'Own Tempo', 'Defiant']",1,1,1,1,82,Tiger Cat Pokémon,64,1,Purugly,24.6,432,64,112,normal,,43.8,4,0
['Levitate'],0.5,1,1,1,30,Bell Pokémon,50,0.2,Chingling,50,433,65,45,psychic,,0.6,4,0
"['Stench', 'Aftermath', 'Keen Eye']",0,1,1,1,63,Skunk Pokémon,47,0.4,Stunky,50,434,41,74,poison,dark,19.2,4,0
"['Stench', 'Aftermath', 'Keen Eye']",0,1,1,1,93,Skunk Pokémon,67,1,Skuntank,50,435,71,84,poison,dark,38,4,0
"['Levitate', 'Heatproof', 'Heavy Metal']",0.25,0.5,0.5,1,24,Bronze Pokémon,86,0.5,Bronzor,,436,24,23,steel,psychic,60.5,4,0
"['Levitate', 'Heatproof', 'Heavy Metal']",0.25,0.5,0.5,1,89,Bronze Bell Pokémon,116,1.3,Bronzong,,437,79,33,steel,psychic,187,4,0
"['Sturdy', 'Rock Head', 'Rattled']",1,1,2,2,80,Bonsai Pokémon,95,0.5,Bonsly,50,438,10,10,rock,,15,4,0
"['Soundproof', 'Filter', 'Technician']",0.5,1,2,1,25,Mime Pokémon,45,0.6,Mime Jr.,50,439,70,60,psychic,fairy,13,4,0
"['Natural Cure', 'Serene Grace', 'Friend Guard']",1,1,1,1,5,Playhouse Pokémon,5,0.6,Happiny,0,440,15,30,normal,,24.4,4,0
"['Keen Eye', 'Tangled Feet', 'Big Pecks']",1,2,1,1,65,Music Note Pokémon,45,0.5,Chatot,50,441,92,91,normal,flying,1.9,4,0
"['Pressure', 'Infiltrator']",0,1,1,1,92,Forbidden Pokémon,108,1,Spiritomb,50,442,92,35,ghost,dark,108,4,0
"['Sand Veil', 'Rough Skin']",1,0.5,1,1,70,Land Shark Pokémon,45,0.7,Gible,50,443,40,42,dragon,ground,20.5,4,0
"['Sand Veil', 'Rough Skin']",1,0.5,1,1,90,Cave Pokémon,65,1.4,Gabite,50,444,50,82,dragon,ground,56,4,0
"['Sand Veil', 'Rough Skin']",1,0.5,1,1,170,Mach Pokémon,115,1.9,Garchomp,50,445,120,92,dragon,ground,95,4,0
"['Pickup', 'Thick Fat', 'Gluttony']",1,1,1,1,85,Big Eater Pokémon,40,0.6,Munchlax,88.1,446,40,5,normal,,105,4,0
"['Steadfast', 'Inner Focus', 'Prankster']",2,0.5,1,1,70,Emanation Pokémon,40,0.7,Riolu,88.1,447,35,60,fighting,,20.2,4,0
"['Steadfast', 'Inner Focus', 'Justified']",1,0.25,0.5,1,145,Aura Pokémon,88,1.2,Lucario,88.1,448,140,112,fighting,steel,54,4,0
"['Sand Stream', 'Sand Force']",1,0.5,1,2,72,Hippo Pokémon,78,0.8,Hippopotas,50,449,38,32,ground,,49.5,4,0
"['Sand Stream', 'Sand Force']",1,0.5,1,2,112,Heavyweight Pokémon,118,2,Hippowdon,50,450,68,47,ground,,300,4,0
"['Battle Armor', 'Sniper', 'Keen Eye']",2,2,1,1,50,Scorpion Pokémon,90,0.8,Skorupi,50,451,30,65,poison,bug,12,4,0
"['Battle Armor', 'Sniper', 'Keen Eye']",0,1,1,1,90,Ogre Scorp Pokémon,110,1.3,Drapion,50,452,60,95,poison,dark,61.5,4,0
"['Anticipation', 'Dry Skin', 'Poison Touch']",4,0.5,1,1,61,Toxic Mouth Pokémon,40,0.7,Croagunk,50,453,61,50,poison,fighting,23,4,0
"['Anticipation', 'Dry Skin', 'Poison Touch']",4,0.5,1,1,106,Toxic Mouth Pokémon,65,1.3,Toxicroak,50,454,86,85,poison,fighting,44.4,4,0
['Levitate'],1,1,1,0.5,100,Bug Catcher Pokémon,72,1.4,Carnivine,50,455,90,46,grass,,27,4,0
"['Swift Swim', 'Storm Drain', 'Water Veil']",1,1,0.5,0.5,49,Wing Fish Pokémon,56,0.4,Finneon,50,456,49,66,water,,7,4,0
"['Swift Swim', 'Storm Drain', 'Water Veil']",1,1,0.5,0.5,69,Neon Pokémon,76,1.2,Lumineon,50,457,69,91,water,,24,4,0
"['Swift Swim', 'Water Absorb', 'Water Veil']",1,2,0.5,0.5,20,Kite Pokémon,50,1,Mantyke,50,458,60,50,water,flying,65,4,0
"['Snow Warning', 'Soundproof']",1,2,2,0.5,62,Frosted Tree Pokémon,50,1,Snover,50,459,62,40,grass,ice,50.5,4,0
"['Snow Warning', 'Soundproof']",1,2,2,0.5,132,Frosted Tree Pokémon,105,2.2,Abomasnow,50,460,132,30,grass,ice,135.5,4,0
"['Pressure', 'Pickpocket']",0,2,2,1,120,Sharp Claw Pokémon,65,1.1,Weavile,50,461,45,125,dark,ice,34,4,0
"['Magnet Pull', 'Sturdy', 'Analytic']",0.5,0.5,0.25,1,70,Magnet Area Pokémon,115,1.2,Magnezone,,462,130,60,electric,steel,180,4,0
"['Own Tempo', 'Oblivious', 'Cloud Nine']",1,1,1,1,85,Licking Pokémon,95,1.7,Lickilicky,50,463,80,50,normal,,140,4,0
"['Lightningrod', 'Solid Rock', 'Reckless']",1,0.5,2,4,140,Drill Pokémon,130,2.4,Rhyperior,50,464,55,40,ground,rock,282.8,4,0
"['Chlorophyll', 'Leaf Guard', 'Regenerator']",1,1,1,0.5,100,Vine Pokémon,125,2,Tangrowth,50,465,110,50,grass,,128.6,4,0
"['Motor Drive', 'Vital Spirit']",1,1,0.5,1,123,Thunderbolt Pokémon,67,1.8,Electivire,75.4,466,95,95,electric,,138.6,4,0
"['Flame Body', 'Vital Spirit']",1,2,0.5,2,95,Blast Pokémon,67,1.6,Magmortar,75.4,467,125,83,fire,,68,4,0
"['Hustle', 'Serene Grace', 'Super Luck']",1,2,2,1,50,Jubilee Pokémon,95,1.5,Togekiss,88.1,468,120,80,fairy,flying,38,4,0
"['Speed Boost', 'Tinted Lens', 'Frisk']",1,4,1,1,76,Ogre Darner Pokémon,86,1.9,Yanmega,50,469,116,95,bug,flying,51.5,4,0
"['Leaf Guard', 'Chlorophyll']",1,1,1,0.5,110,Verdant Pokémon,130,1,Leafeon,88.1,470,60,95,grass,,25.5,4,0
"['Snow Cloak', 'Ice Body']",1,2,2,1,60,Fresh Snow Pokémon,110,0.8,Glaceon,88.1,471,130,65,ice,,25.9,4,0
"['Hyper Cutter', 'Sand Veil', 'Poison Heal']",1,1,1,2,95,Fang Scorp Pokémon,125,2,Gliscor,50,472,45,95,ground,flying,42.5,4,0
"['Oblivious', 'Snow Cloak', 'Thick Fat']",1,1,2,2,130,Twin Tusk Pokémon,80,2.5,Mamoswine,50,473,70,80,ice,ground,291,4,0
"['Adaptability', 'Download', 'Analytic']",1,1,1,1,80,Virtual Pokémon,70,0.9,Porygon-Z,,474,135,90,normal,,34,4,0
"['Steadfast', 'Justified']",1,0.5,1,1,165,Blade Pokémon,95,1.6,Gallade,100,475,65,110,psychic,fighting,52,4,0
"['Sturdy', 'Magnet Pull', 'Sand Force']",0.5,0.5,1,2,55,Compass Pokémon,145,1.4,Probopass,50,476,75,40,rock,steel,340,4,0
"['Pressure', 'Frisk']",1,1,1,1,100,Gripper Pokémon,135,2.2,Dusknoir,50,477,65,45,ghost,,106.6,4,0
"['Snow Cloak', 'Cursed Body']",1,2,2,1,80,Snow Land Pokémon,70,1.3,Froslass,0,478,80,110,ice,ghost,26.6,4,0
['Levitate'],1,1,0.5,1,65,Plasma Pokémon,107,0.3,Rotom,,479,105,86,electric,ghost,0.3,4,0
['Levitate'],0.5,1,1,1,75,Knowledge Pokémon,130,0.3,Uxie,,480,75,95,psychic,,0.3,4,1
['Levitate'],0.5,1,1,1,105,Emotion Pokémon,105,0.3,Mesprit,,481,105,80,psychic,,0.3,4,1
['Levitate'],0.5,1,1,1,125,Willpower Pokémon,70,0.3,Azelf,,482,125,115,psychic,,0.3,4,1
"['Pressure', 'Telepathy']",0.5,0.5,0.5,0.5,120,Temporal Pokémon,120,5.4,Dialga,,483,150,90,steel,dragon,683,4,1
"['Pressure', 'Telepathy']",1,1,0.5,0.25,120,Spatial Pokémon,100,4.2,Palkia,,484,150,100,water,dragon,336,4,1
"['Flash Fire', 'Flame Body']",0.5,1,0.25,2,90,Lava Dome Pokémon,106,1.7,Heatran,50,485,130,77,fire,steel,430,4,1
['Slow Start'],1,1,1,1,160,Colossal Pokémon,110,3.7,Regigigas,,486,80,100,normal,,420,4,1
"['Pressure', 'Telepathy', 'Levitate']",1,1,1,0.5,120,Renegade Pokémon,100,4.5,Giratina,,487,120,90,ghost,dragon,750,4,1
['Levitate'],0.5,1,1,1,70,Lunar Pokémon,120,1.5,Cresselia,0,488,75,85,psychic,,85.6,4,1
['Hydration'],1,1,0.5,0.5,80,Sea Drifter Pokémon,80,0.4,Phione,,489,80,80,water,,3.1,4,0
['Hydration'],1,1,0.5,0.5,100,Seafaring Pokémon,100,0.3,Manaphy,,490,100,100,water,,1.4,4,1
['Bad Dreams'],0,1,1,1,90,Pitch-Black Pokémon,90,1.5,Darkrai,,491,135,125,dark,,50.5,4,1
"['Natural Cure', 'Serene Grace']",1,1,1,0.5,103,Gratitude Pokémon,75,0.2,Shaymin,,492,120,127,grass,grass,2.1,4,1
['Multitype'],1,1,1,1,120,Alpha Pokémon,120,3.2,Arceus,,493,120,120,normal,,320,4,1
['Victory Star'],0.5,2,0.5,2,100,Victory Pokémon,100,0.4,Victini,,494,100,100,psychic,fire,4,5,1
"['Overgrow', 'Contrary']",1,1,1,0.5,45,Grass Snake Pokémon,55,0.6,Snivy,88.1,495,45,63,grass,,8.1,5,0
"['Overgrow', 'Contrary']",1,1,1,0.5,60,Grass Snake Pokémon,75,0.8,Servine,88.1,496,60,83,grass,,16,5,0
"['Overgrow', 'Contrary']",1,1,1,0.5,75,Regal Pokémon,95,3.3,Serperior,88.1,497,75,113,grass,,63,5,0
"['Blaze', 'Thick Fat']",1,2,0.5,2,63,Fire Pig Pokémon,45,0.5,Tepig,88.1,498,45,45,fire,,9.9,5,0
"['Blaze', 'Thick Fat']",2,1,0.5,2,93,Fire Pig Pokémon,55,1,Pignite,88.1,499,70,55,fire,fighting,55.5,5,0
"['Blaze', 'Reckless']",2,1,0.5,2,123,Mega Fire Pig Pokémon,65,1.6,Emboar,88.1,500,100,65,fire,fighting,150,5,0
"['Torrent', 'Shell Armor']",1,1,0.5,0.5,55,Sea Otter Pokémon,45,0.5,Oshawott,88.1,501,63,45,water,,5.9,5,0
"['Torrent', 'Shell Armor']",1,1,0.5,0.5,75,Discipline Pokémon,60,0.8,Dewott,88.1,502,83,60,water,,24.5,5,0
"['Torrent', 'Shell Armor']",1,1,0.5,0.5,100,Formidable Pokémon,85,1.5,Samurott,88.1,503,108,70,water,,94.6,5,0
"['Run Away', 'Keen Eye', 'Analytic']",1,1,1,1,55,Scout Pokémon,39,0.5,Patrat,50,504,35,42,normal,,11.6,5,0
"['Illuminate', 'Keen Eye', 'Analytic']",1,1,1,1,85,Lookout Pokémon,69,1.1,Watchog,50,505,60,77,normal,,27,5,0
"['Vital Spirit', 'Pickup', 'Run Away']",1,1,1,1,60,Puppy Pokémon,45,0.4,Lillipup,50,506,25,55,normal,,4.1,5,0
"['Intimidate', 'Sand Rush', 'Scrappy']",1,1,1,1,80,Loyal Dog Pokémon,65,0.9,Herdier,50,507,35,60,normal,,14.7,5,0
"['Intimidate', 'Sand Rush', 'Scrappy']",1,1,1,1,110,Big-Hearted Pokémon,90,1.2,Stoutland,50,508,45,80,normal,,61,5,0
"['Limber', 'Unburden', 'Prankster']",0,1,1,1,50,Devious Pokémon,37,0.4,Purrloin,50,509,50,66,dark,,10.1,5,0
"['Limber', 'Unburden', 'Prankster']",0,1,1,1,88,Cruel Pokémon,50,1.1,Liepard,50,510,88,106,dark,,37.5,5,0
"['Gluttony', 'Overgrow']",1,1,1,0.5,53,Grass Monkey Pokémon,48,0.6,Pansage,88.1,511,53,64,grass,,10.5,5,0
"['Gluttony', 'Overgrow']",1,1,1,0.5,98,Thorn Monkey Pokémon,63,1.1,Simisage,88.1,512,98,101,grass,,30.5,5,0
"['Gluttony', 'Blaze']",1,2,0.5,2,53,High Temp Pokémon,48,0.6,Pansear,88.1,513,53,64,fire,,11,5,0
"['Gluttony', 'Blaze']",1,2,0.5,2,98,Ember Pokémon,63,1,Simisear,88.1,514,98,101,fire,,28,5,0
"['Gluttony', 'Torrent']",1,1,0.5,0.5,53,Spray Pokémon,48,0.6,Panpour,88.1,515,53,64,water,,13.5,5,0
"['Gluttony', 'Torrent']",1,1,0.5,0.5,98,Geyser Pokémon,63,1,Simipour,88.1,516,98,101,water,,29,5,0
"['Forewarn', 'Synchronize', 'Telepathy']",0.5,1,1,1,25,Dream Eater Pokémon,45,0.6,Munna,50,517,67,24,psychic,,23.3,5,0
"['Forewarn', 'Synchronize', 'Telepathy']",0.5,1,1,1,55,Drowsing Pokémon,85,1.1,Musharna,50,518,107,29,psychic,,60.5,5,0
"['Big Pecks', 'Super Luck', 'Rivalry']",1,2,1,1,55,Tiny Pigeon Pokémon,50,0.3,Pidove,50,519,36,43,normal,flying,2.1,5,0
"['Big Pecks', 'Super Luck', 'Rivalry']",1,2,1,1,77,Wild Pigeon Pokémon,62,0.6,Tranquill,50,520,50,65,normal,flying,15,5,0
"['Big Pecks', 'Super Luck', 'Rivalry']",1,2,1,1,115,Proud Pokémon,80,1.2,Unfezant,50,521,65,93,normal,flying,29,5,0
"['Lightningrod', 'Motor Drive', 'Sap Sipper']",1,1,0.5,1,60,Electrified Pokémon,32,0.8,Blitzle,50,522,50,76,electric,,29.8,5,0
"['Lightningrod', 'Motor Drive', 'Sap Sipper']",1,1,0.5,1,100,Thunderbolt Pokémon,63,1.6,Zebstrika,50,523,80,116,electric,,79.5,5,0
"['Sturdy', 'Weak Armor', 'Sand Force']",1,1,2,2,75,Mantle Pokémon,85,0.4,Roggenrola,50,524,25,15,rock,,18,5,0
"['Sturdy', 'Weak Armor', 'Sand Force']",1,1,2,2,105,Ore Pokémon,105,0.9,Boldore,50,525,50,20,rock,,102,5,0
"['Sturdy', 'Sand Stream', 'Sand Force']",1,1,2,2,135,Compressed Pokémon,130,1.7,Gigalith,50,526,60,25,rock,,260,5,0
"['Unaware', 'Klutz', 'Simple']",0.5,2,1,1,45,Bat Pokémon,43,0.4,Woobat,50,527,55,72,psychic,flying,2.1,5,0
"['Unaware', 'Klutz', 'Simple']",0.5,2,1,1,57,Courting Pokémon,55,0.9,Swoobat,50,528,77,114,psychic,flying,10.5,5,0
"['Sand Rush', 'Sand Force', 'Mold Breaker']",1,0.5,1,2,85,Mole Pokémon,40,0.3,Drilbur,50,529,30,68,ground,,8.5,5,0
"['Sand Rush', 'Sand Force', 'Mold Breaker']",0.5,0.25,0.5,2,135,Subterrene Pokémon,60,0.7,Excadrill,50,530,50,88,ground,steel,40.4,5,0
"['Healer', 'Regenerator', 'Klutz']",1,1,1,1,60,Hearing Pokémon,126,1.1,Audino,50,531,80,50,normal,,31,5,0
"['Guts', 'Sheer Force', 'Iron Fist']",2,0.5,1,1,80,Muscular Pokémon,55,0.6,Timburr,75.4,532,25,35,fighting,,12.5,5,0
"['Guts', 'Sheer Force', 'Iron Fist']",2,0.5,1,1,105,Muscular Pokémon,85,1.2,Gurdurr,75.4,533,40,40,fighting,,40,5,0
"['Guts', 'Sheer Force', 'Iron Fist']",2,0.5,1,1,140,Muscular Pokémon,95,1.4,Conkeldurr,75.4,534,55,45,fighting,,87,5,0
"['Swift Swim', 'Hydration', 'Water Absorb']",1,1,0.5,0.5,50,Tadpole Pokémon,40,0.5,Tympole,50,535,50,64,water,,4.5,5,0
"['Swift Swim', 'Hydration', 'Water Absorb']",1,0.5,0.5,1,65,Vibration Pokémon,55,0.8,Palpitoad,50,536,65,69,water,ground,17,5,0
"['Swift Swim', 'Poison Touch', 'Water Absorb']",1,0.5,0.5,1,95,Vibration Pokémon,75,1.5,Seismitoad,50,537,85,74,water,ground,62,5,0
"['Guts', 'Inner Focus', 'Mold Breaker']",2,0.5,1,1,100,Judo Pokémon,85,1.3,Throh,100,538,30,45,fighting,,55.5,5,0
"['Sturdy', 'Inner Focus', 'Mold Breaker']",2,0.5,1,1,125,Karate Pokémon,75,1.4,Sawk,100,539,30,85,fighting,,51,5,0
"['Swarm', 'Chlorophyll', 'Overcoat']",1,2,1,0.5,53,Sewing Pokémon,70,0.3,Sewaddle,50,540,40,42,bug,grass,2.5,5,0
"['Leaf Guard', 'Chlorophyll', 'Overcoat']",1,2,1,0.5,63,Leaf-Wrapped Pokémon,90,0.5,Swadloon,50,541,50,42,bug,grass,7.3,5,0
"['Swarm', 'Chlorophyll', 'Overcoat']",1,2,1,0.5,103,Nurturing Pokémon,80,1.2,Leavanny,50,542,70,92,bug,grass,20.5,5,0
"['Poison Point', 'Swarm', 'Speed Boost']",2,2,1,1,45,Centipede Pokémon,59,0.4,Venipede,50,543,30,57,bug,poison,5.3,5,0
"['Poison Point', 'Swarm', 'Speed Boost']",2,2,1,1,55,Curlipede Pokémon,99,1.2,Whirlipede,50,544,40,47,bug,poison,58.5,5,0
"['Poison Point', 'Swarm', 'Speed Boost']",2,2,1,1,100,Megapede Pokémon,89,2.5,Scolipede,50,545,55,112,bug,poison,200.5,5,0
"['Prankster', 'Infiltrator', 'Chlorophyll']",1,1,2,0.5,27,Cotton Puff Pokémon,60,0.3,Cottonee,50,546,37,66,grass,fairy,0.6,5,0
"['Prankster', 'Infiltrator', 'Chlorophyll']",1,1,2,0.5,67,Windveiled Pokémon,85,0.7,Whimsicott,50,547,77,116,grass,fairy,6.6,5,0
"['Chlorophyll', 'Own Tempo', 'Leaf Guard']",1,1,1,0.5,35,Bulb Pokémon,50,0.5,Petilil,0,548,70,30,grass,,6.6,5,0
"['Chlorophyll', 'Own Tempo', 'Leaf Guard']",1,1,1,0.5,60,Flowering Pokémon,75,1.1,Lilligant,0,549,110,90,grass,,16.3,5,0
"['Reckless', 'Rock Head', 'Adaptability', 'Mold Breaker']",1,1,0.5,0.5,92,Hostile Pokémon,65,1,Basculin,50,550,80,98,water,,18,5,0
"['Intimidate', 'Moxie', 'Anger Point']",0,0.5,1,2,72,Desert Croc Pokémon,35,0.7,Sandile,50,551,35,65,ground,dark,15.2,5,0
"['Intimidate', 'Moxie', 'Anger Point']",0,0.5,1,2,82,Desert Croc Pokémon,45,1,Krokorok,50,552,45,74,ground,dark,33.4,5,0
"['Intimidate', 'Moxie', 'Anger Point']",0,0.5,1,2,117,Intimidation Pokémon,80,1.5,Krookodile,50,553,65,92,ground,dark,96.3,5,0
"['Hustle', 'Inner Focus']",1,2,0.5,2,90,Zen Charm Pokémon,45,0.6,Darumaka,50,554,15,50,fire,,37.5,5,0
"['Sheer Force', 'Zen Mode']",1,2,0.5,2,30,Blazing Pokémon,105,1.3,Darmanitan,50,555,140,55,fire,fire,92.9,5,0
"['Water Absorb', 'Chlorophyll', 'Storm Drain']",1,1,1,0.5,86,Cactus Pokémon,67,1,Maractus,50,556,106,60,grass,,28,5,0
"['Sturdy', 'Shell Armor', 'Weak Armor']",1,2,2,2,65,Rock Inn Pokémon,85,0.3,Dwebble,50,557,35,55,bug,rock,14.5,5,0
"['Sturdy', 'Shell Armor', 'Weak Armor']",1,2,2,2,105,Stone Home Pokémon,125,1.4,Crustle,50,558,65,45,bug,rock,200,5,0
"['Shed Skin', 'Moxie', 'Intimidate']",0,0.5,1,1,75,Shedding Pokémon,70,0.6,Scraggy,50,559,35,48,dark,fighting,11.8,5,0
"['Shed Skin', 'Moxie', 'Intimidate']",0,0.5,1,1,90,Hoodlum Pokémon,115,1.1,Scrafty,50,560,45,58,dark,fighting,30,5,0
"['Wonder Skin ', 'Magic Guard', 'Tinted Lens']",0.5,2,1,1,58,Avianoid Pokémon,80,1.4,Sigilyph,50,561,103,97,psychic,flying,14,5,0
['Mummy'],1,1,1,1,30,Spirit Pokémon,85,0.5,Yamask,50,562,55,30,ghost,,1.5,5,0
['Mummy'],1,1,1,1,50,Coffin Pokémon,145,1.7,Cofagrigus,50,563,95,30,ghost,,76.5,5,0
"['Solid Rock', 'Sturdy', 'Swift Swim']",1,1,1,1,78,Prototurtle Pokémon,103,0.7,Tirtouga,88.1,564,53,22,water,rock,16.5,5,0
"['Solid Rock', 'Sturdy', 'Swift Swim']",1,1,1,1,108,Prototurtle Pokémon,133,1.2,Carracosta,88.1,565,83,32,water,rock,81,5,0
['Defeatist'],1,2,2,2,112,First Bird Pokémon,45,0.5,Archen,88.1,566,74,70,rock,flying,9.5,5,0
['Defeatist'],1,2,2,2,140,First Bird Pokémon,65,1.4,Archeops,88.1,567,112,110,rock,flying,32,5,0
"['Stench', 'Sticky Hold', 'Aftermath']",2,1,1,1,50,Trash Bag Pokémon,62,0.6,Trubbish,50,568,40,65,poison,,31,5,0
"['Stench', 'Weak Armor', 'Aftermath']",2,1,1,1,95,Trash Heap Pokémon,82,1.9,Garbodor,50,569,60,75,poison,,107.3,5,0
['Illusion'],0,1,1,1,65,Tricky Fox Pokémon,40,0.7,Zorua,88.1,570,80,65,dark,,12.5,5,0
['Illusion'],0,1,1,1,105,Illusion Fox Pokémon,60,1.6,Zoroark,88.1,571,120,105,dark,,81.1,5,0
"['Cute Charm', 'Technician', 'Skill Link']",1,1,1,1,50,Chinchilla Pokémon,40,0.4,Minccino,24.6,572,40,75,normal,,5.8,5,0
"['Cute Charm', 'Technician', 'Skill Link']",1,1,1,1,95,Scarf Pokémon,60,0.5,Cinccino,24.6,573,65,115,normal,,7.5,5,0
"['Frisk', 'Competitive', 'Shadow Tag']",0.5,1,1,1,30,Fixation Pokémon,50,0.4,Gothita,24.6,574,55,45,psychic,,5.8,5,0
"['Frisk', 'Competitive', 'Shadow Tag']",0.5,1,1,1,45,Manipulate Pokémon,70,0.7,Gothorita,24.6,575,75,55,psychic,,18,5,0
"['Frisk', 'Competitive', 'Shadow Tag']",0.5,1,1,1,55,Astral Body Pokémon,95,1.5,Gothitelle,24.6,576,95,65,psychic,,44,5,0
"['Overcoat', 'Magic Guard', 'Regenerator']",0.5,1,1,1,30,Cell Pokémon,40,0.3,Solosis,50,577,105,20,psychic,,1,5,0
"['Overcoat', 'Magic Guard', 'Regenerator']",0.5,1,1,1,40,Mitosis Pokémon,50,0.6,Duosion,50,578,125,30,psychic,,8,5,0
"['Overcoat', 'Magic Guard', 'Regenerator']",0.5,1,1,1,65,Multiplying Pokémon,75,1,Reuniclus,50,579,125,30,psychic,,20.1,5,0
"['Keen Eye', 'Big Pecks', 'Hydration']",1,2,0.5,0.5,44,Water Bird Pokémon,50,0.5,Ducklett,50,580,44,55,water,flying,5.5,5,0
"['Keen Eye', 'Big Pecks', 'Hydration']",1,2,0.5,0.5,87,White Bird Pokémon,63,1.3,Swanna,50,581,87,98,water,flying,24.2,5,0
"['Ice Body', 'Snow Cloak', 'Weak Armor']",1,2,2,1,50,Fresh Snow Pokémon,50,0.4,Vanillite,50,582,65,44,ice,,5.7,5,0
"['Ice Body', 'Snow Cloak', 'Weak Armor']",1,2,2,1,65,Icy Snow Pokémon,65,1.1,Vanillish,50,583,80,59,ice,,41,5,0
"['Ice Body', 'Snow Warning', 'Weak Armor']",1,2,2,1,95,Snowstorm Pokémon,85,1.3,Vanilluxe,50,584,110,79,ice,,57.5,5,0
"['Chlorophyll', 'Sap Sipper', 'Serene Grace']",1,1,1,0.5,60,Season Pokémon,50,0.6,Deerling,50,585,40,75,normal,grass,19.5,5,0
"['Chlorophyll', 'Sap Sipper', 'Serene Grace']",1,1,1,0.5,100,Season Pokémon,70,1.9,Sawsbuck,50,586,60,95,normal,grass,92.5,5,0
"['Static', 'Motor Drive']",1,2,0.5,1,75,Sky Squirrel Pokémon,60,0.4,Emolga,50,587,75,103,electric,flying,5,5,0
"['Swarm', 'Shed Skin', 'No Guard']",1,2,1,1,75,Clamping Pokémon,45,0.5,Karrablast,50,588,40,60,bug,,5.9,5,0
"['Swarm', 'Shell Armor', 'Overcoat']",0.5,1,0.5,1,135,Cavalry Pokémon,105,1,Escavalier,50,589,60,20,bug,steel,33,5,0
"['Effect Spore', 'Regenerator']",2,1,1,0.5,55,Mushroom Pokémon,45,0.2,Foongus,50,590,55,15,grass,poison,1,5,0
"['Effect Spore', 'Regenerator']",2,1,1,0.5,85,Mushroom Pokémon,70,0.6,Amoonguss,50,591,85,30,grass,poison,10.5,5,0
"['Water Absorb', 'Cursed Body', 'Damp']",1,1,0.5,0.5,40,Floating Pokémon,50,1.2,Frillish,50,592,65,40,water,ghost,33,5,0
"['Water Absorb', 'Cursed Body', 'Damp']",1,1,0.5,0.5,60,Floating Pokémon,70,2.2,Jellicent,50,593,85,60,water,ghost,135,5,0
"['Healer', 'Hydration', 'Regenerator']",1,1,0.5,0.5,75,Caring Pokémon,80,1.2,Alomomola,50,594,40,65,water,,31.6,5,0
"['Compoundeyes', 'Unnerve', 'Swarm']",1,2,0.5,1,47,Attaching Pokémon,50,0.1,Joltik,50,595,57,65,bug,electric,0.6,5,0
"['Compoundeyes', 'Unnerve', 'Swarm']",1,2,0.5,1,77,EleSpider Pokémon,60,0.8,Galvantula,50,596,97,108,bug,electric,14.3,5,0
['Iron Barbs'],0.5,0.5,0.5,0.5,50,Thorn Seed Pokémon,91,0.6,Ferroseed,50,597,24,10,grass,steel,18.8,5,0
"['Iron Barbs', 'Anticipation']",0.5,0.5,0.5,0.5,94,Thorn Pod Pokémon,131,1,Ferrothorn,50,598,54,20,grass,steel,110,5,0
"['Plus', 'Minus', 'Clear Body']",0.5,0.5,0.5,1,55,Gear Pokémon,70,0.3,Klink,,599,45,30,steel,,21,5,0
"['Plus', 'Minus', 'Clear Body']",0.5,0.5,0.5,1,80,Gear Pokémon,95,0.6,Klang,,600,70,50,steel,,51,5,0
"['Plus', 'Minus', 'Clear Body']",0.5,0.5,0.5,1,100,Gear Pokémon,115,0.6,Klinklang,,601,70,90,steel,,81,5,0
['Levitate'],1,1,0.5,1,55,EleFish Pokémon,40,0.2,Tynamo,50,602,45,60,electric,,0.3,5,0
['Levitate'],1,1,0.5,1,85,EleFish Pokémon,70,1.2,Eelektrik,50,603,75,40,electric,,22,5,0
['Levitate'],1,1,0.5,1,115,EleFish Pokémon,80,2.1,Eelektross,50,604,105,50,electric,,80.5,5,0
"['Telepathy', 'Synchronize', 'Analytic']",0.5,1,1,1,55,Cerebral Pokémon,55,0.5,Elgyem,50,605,85,30,psychic,,9,5,0
"['Telepathy', 'Synchronize', 'Analytic']",0.5,1,1,1,75,Cerebral Pokémon,75,1,Beheeyem,50,606,125,40,psychic,,34.5,5,0
"['Flash Fire', 'Flame Body', 'Infiltrator']",1,2,0.5,2,30,Candle Pokémon,55,0.3,Litwick,50,607,65,20,ghost,fire,3.1,5,0
"['Flash Fire', 'Flame Body', 'Infiltrator']",1,2,0.5,2,40,Lamp Pokémon,60,0.6,Lampent,50,608,95,55,ghost,fire,13,5,0
"['Flash Fire', 'Flame Body', 'Infiltrator']",1,2,0.5,2,55,Luring Pokémon,90,1,Chandelure,50,609,145,80,ghost,fire,34.3,5,0
"['Rivalry', 'Mold Breaker', 'Unnerve']",1,1,1,0.5,87,Tusk Pokémon,60,0.6,Axew,50,610,30,57,dragon,,18,5,0
"['Rivalry', 'Mold Breaker', 'Unnerve']",1,1,1,0.5,117,Axe Jaw Pokémon,70,1,Fraxure,50,611,40,67,dragon,,36,5,0
"['Rivalry', 'Mold Breaker', 'Unnerve']",1,1,1,0.5,147,Axe Jaw Pokémon,90,1.8,Haxorus,50,612,60,97,dragon,,105.5,5,0
"['Snow Cloak', 'Slush Rush', 'Rattled']",1,2,2,1,70,Chill Pokémon,40,0.5,Cubchoo,50,613,60,40,ice,,8.5,5,0
"['Snow Cloak', 'Slush Rush', 'Swift Swim']",1,2,2,1,130,Freezing Pokémon,80,2.6,Beartic,50,614,70,50,ice,,260,5,0
['Levitate'],1,2,2,1,50,Crystallizing Pokémon,50,1.1,Cryogonal,,615,95,105,ice,,148,5,0
"['Hydration', 'Shell Armor', 'Overcoat']",1,2,1,1,40,Snail Pokémon,85,0.4,Shelmet,50,616,40,25,bug,,7.7,5,0
"['Hydration', 'Sticky Hold', 'Unburden']",1,2,1,1,70,Shell Out Pokémon,40,0.8,Accelgor,50,617,100,145,bug,,25.3,5,0
"['Static', 'Limber', 'Sand Veil']",1,0.5,0.5,2,66,Trap Pokémon,84,0.7,Stunfisk,50,618,81,32,ground,electric,11,5,0
"['Inner Focus', 'Regenerator', 'Reckless']",2,0.5,1,1,85,Martial Arts Pokémon,50,0.9,Mienfoo,50,619,55,65,fighting,,20,5,0
"['Inner Focus', 'Regenerator', 'Reckless']",2,0.5,1,1,125,Martial Arts Pokémon,60,1.4,Mienshao,50,620,95,105,fighting,,35.5,5,0
"['Rough Skin', 'Sheer Force', 'Mold Breaker']",1,1,1,0.5,120,Cave Pokémon,90,1.6,Druddigon,50,621,60,48,dragon,,139,5,0
"['Iron Fist', 'Klutz', 'No Guard']",1,0.5,1,2,74,Automaton Pokémon,50,1,Golett,,622,35,35,ground,ghost,92,5,0
"['Iron Fist', 'Klutz', 'No Guard']",1,0.5,1,2,124,Automaton Pokémon,80,2.8,Golurk,,623,55,55,ground,ghost,330,5,0
"['Defiant', 'Inner Focus', 'Pressure']",0,0.5,0.5,1,85,Sharp Blade Pokémon,70,0.5,Pawniard,50,624,40,60,dark,steel,10.2,5,0
"['Defiant', 'Inner Focus', 'Pressure']",0,0.5,0.5,1,125,Sword Blade Pokémon,100,1.6,Bisharp,50,625,60,70,dark,steel,70,5,0
"['Reckless', 'Sap Sipper', 'Soundproof']",1,1,1,1,110,Bash Buffalo Pokémon,95,1.6,Bouffalant,50,626,40,55,normal,,94.6,5,0
"['Keen Eye', 'Sheer Force', 'Hustle']",1,2,1,1,83,Eaglet Pokémon,50,0.5,Rufflet,100,627,37,60,normal,flying,10.5,5,0
"['Keen Eye', 'Sheer Force', 'Defiant']",1,2,1,1,123,Valiant Pokémon,75,1.5,Braviary,100,628,57,80,normal,flying,41,5,0
"['Big Pecks', 'Overcoat', 'Weak Armor']",0,2,1,1,55,Diapered Pokémon,75,0.5,Vullaby,0,629,45,60,dark,flying,9,5,0
"['Big Pecks', 'Overcoat', 'Weak Armor']",0,2,1,1,65,Bone Vulture Pokémon,105,1.2,Mandibuzz,0,630,55,80,dark,flying,39.5,5,0
"['Gluttony', 'Flash Fire', 'White Smoke']",1,2,0.5,2,97,Anteater Pokémon,66,1.4,Heatmor,50,631,105,65,fire,,58,5,0
"['Swarm', 'Hustle', 'Truant']",0.5,1,0.5,1,109,Iron Ant Pokémon,112,0.3,Durant,50,632,48,109,bug,steel,33,5,0
['Hustle'],0,1,1,0.5,65,Irate Pokémon,50,0.8,Deino,50,633,45,38,dark,dragon,17.3,5,0
['Hustle'],0,1,1,0.5,85,Hostile Pokémon,70,1.4,Zweilous,50,634,65,58,dark,dragon,50,5,0
['Levitate'],0,1,1,0.5,105,Brutal Pokémon,90,1.8,Hydreigon,50,635,125,98,dark,dragon,160,5,0
"['Flame Body', 'Swarm']",1,4,0.5,2,85,Torch Pokémon,55,1.1,Larvesta,50,636,50,60,bug,fire,28.8,5,0
"['Flame Body', 'Swarm']",1,4,0.5,2,60,Sun Pokémon,65,1.6,Volcarona,50,637,135,100,bug,fire,46,5,0
['Justified'],1,0.25,0.5,1,90,Iron Will Pokémon,129,2.1,Cobalion,,638,90,108,steel,fighting,250,5,1
['Justified'],2,0.5,2,2,129,Cavern Pokémon,90,1.9,Terrakion,,639,72,108,rock,fighting,260,5,1
['Justified'],2,0.5,1,0.5,90,Grassland Pokémon,72,2,Virizion,,640,90,108,grass,fighting,200,5,1
"['Prankster', 'Defiant', 'Regenerator']",1,2,1,1,100,Cyclone Pokémon,80,1.5,Tornadus,100,641,110,121,flying,,63,5,1
"['Prankster', 'Defiant', 'Volt Absorb']",1,2,0.5,1,105,Bolt Strike Pokémon,70,1.5,Thundurus,100,642,145,101,electric,flying,61,5,1
['Turboblaze'],1,2,0.5,1,120,Vast White Pokémon,100,3.2,Reshiram,,643,150,90,dragon,fire,330,5,1
['Teravolt'],1,1,0.5,0.5,150,Deep Black Pokémon,120,2.9,Zekrom,,644,120,90,dragon,electric,345,5,1
"['Sand Force', 'Sheer Force', 'Intimidate']",1,1,1,2,145,Abundance Pokémon,90,1.5,Landorus,100,645,105,91,ground,flying,68,5,1
"['Pressure', 'Teravolt', 'Turboblaze']",1,2,2,0.5,120,Boundary Pokémon,90,3,Kyurem,,646,170,95,dragon,ice,325,5,1
['Justified'],2,0.5,0.5,0.5,72,Colt Pokémon,90,1.4,Keldeo,,647,129,108,water,fighting,48.5,5,1
['Serene Grace'],0.5,1,1,1,128,Melody Pokémon,90,0.6,Meloetta,,648,77,128,normal,psychic,6.5,5,1
['Download'],0.5,1,0.5,1,120,Paleozoic Pokémon,95,1.5,Genesect,,649,120,99,bug,steel,82.5,5,1
"['Overgrow', 'Bulletproof']",1,1,1,0.5,61,Spiky Nut Pokémon,65,0.4,Chespin,88.1,650,48,38,grass,,9,6,0
"['Overgrow', 'Bulletproof']",1,1,1,0.5,78,Spiny Armor Pokémon,95,0.7,Quilladin,88.1,651,56,57,grass,,29,6,0
"['Overgrow', 'Bulletproof']",2,0.5,1,0.5,107,Spiny Armor Pokémon,122,1.6,Chesnaught,88.1,652,74,64,grass,fighting,90,6,0
"['Blaze', 'Magician']",1,2,0.5,2,45,Fox Pokémon,40,0.4,Fennekin,88.1,653,62,60,fire,,9.4,6,0
"['Blaze', 'Magician']",1,2,0.5,2,59,Fox Pokémon,58,1,Braixen,88.1,654,90,73,fire,,14.5,6,0
"['Blaze', 'Magician']",0.5,2,0.5,2,69,Fox Pokémon,72,1.5,Delphox,88.1,655,114,104,fire,psychic,39,6,0
"['Torrent', 'Protean']",1,1,0.5,0.5,56,Bubble Frog Pokémon,40,0.3,Froakie,88.1,656,62,71,water,,7,6,0
"['Torrent', 'Protean']",1,1,0.5,0.5,63,Bubble Frog Pokémon,52,0.6,Frogadier,88.1,657,83,97,water,,10.9,6,0
"['Torrent', 'Protean', 'Battle Bond']",0,1,0.5,0.5,145,Ninja Pokémon,67,1.5,Greninja,88.1,658,153,132,water,dark,40,6,0
"['Pickup', 'Cheek Pouch', 'Huge Power']",1,1,1,1,36,Digging Pokémon,38,0.4,Bunnelby,50,659,32,57,normal,,5,6,0
"['Pickup', 'Cheek Pouch', 'Huge Power']",1,0.5,1,2,56,Digging Pokémon,77,1,Diggersby,50,660,50,78,normal,ground,42.4,6,0
"['Big Pecks', 'Gale Wings']",1,2,1,1,50,Tiny Robin Pokémon,43,0.3,Fletchling,50,661,40,62,normal,flying,1.7,6,0
"['Flame Body', 'Gale Wings']",1,4,0.5,2,73,Ember Pokémon,55,0.7,Fletchinder,50,662,56,84,fire,flying,16,6,0
"['Flame Body', 'Gale Wings']",1,4,0.5,2,81,Scorching Pokémon,71,1.2,Talonflame,50,663,74,126,fire,flying,24.5,6,0
"['Shield Dust', 'Compoundeyes', 'Friend Guard']",1,2,1,1,35,Scatterdust Pokémon,40,0.3,Scatterbug,50,664,27,35,bug,,2.5,6,0
"['Shed Skin', 'Friend Guard']",1,2,1,1,22,Scatterdust Pokémon,60,0.3,Spewpa,50,665,27,29,bug,,8.4,6,0
"['Shield Dust', 'Compoundeyes', 'Friend Guard']",1,4,1,1,52,Scale Pokémon,50,1.2,Vivillon,50,666,90,89,bug,flying,17,6,0
"['Rivalry', 'Unnerve', 'Moxie']",1,2,0.5,2,50,Lion Cub Pokémon,58,0.6,Litleo,11.2,667,73,72,fire,normal,13.5,6,0
"['Rivalry', 'Unnerve', 'Moxie']",1,2,0.5,2,68,Royal Pokémon,72,1.5,Pyroar,11.2,668,109,106,fire,normal,81.5,6,0
"['Flower Veil', 'Symbiosis']",1,1,2,1,38,Single Bloom Pokémon,39,0.1,Flabébé,0,669,61,42,fairy,,0.1,6,0
"['Flower Veil', 'Symbiosis']",1,1,2,1,65,Fairy Pokémon,67,0.2,Floette,0,670,125,92,fairy,,0.9,6,0
"['Flower Veil', 'Symbiosis']",1,1,2,1,65,Garden Pokémon,68,1.1,Florges,0,671,112,75,fairy,,10,6,0
"['Sap Sipper', 'Grass Pelt']",1,1,1,0.5,65,Mount Pokémon,48,0.9,Skiddo,50,672,62,52,grass,,31,6,0
"['Sap Sipper', 'Grass Pelt']",1,1,1,0.5,100,Mount Pokémon,62,1.7,Gogoat,50,673,97,68,grass,,91,6,0
"['Iron Fist', 'Mold Breaker', 'Scrappy']",2,0.5,1,1,82,Playful Pokémon,62,0.6,Pancham,50,674,46,43,fighting,,8,6,0
"['Iron Fist', 'Mold Breaker', 'Scrappy']",0,0.5,1,1,124,Daunting Pokémon,78,2.1,Pangoro,50,675,69,58,fighting,dark,136,6,0
['Fur Coat'],1,1,1,1,80,Poodle Pokémon,60,1.2,Furfrou,50,676,65,102,normal,,28,6,0
"['Keen Eye', 'Infiltrator', 'Own Tempo']",0.5,1,1,1,48,Restraint Pokémon,54,0.3,Espurr,50,677,63,68,psychic,,3.5,6,0
"['Keen Eye', 'Infiltrator', 'Prankster', 'Competitive']",0.5,1,1,1,48,Constraint Pokémon,76,0.6,Meowstic,50,678,83,104,psychic,,8.5,6,0
['No Guard'],0.5,0.5,0.5,1,80,Sword Pokémon,100,0.8,Honedge,50,679,35,28,steel,ghost,2,6,0
['No Guard'],0.5,0.5,0.5,1,110,Sword Pokémon,150,0.8,Doublade,50,680,45,35,steel,ghost,4.5,6,0
['Stance Change'],0.5,0.5,0.5,1,150,Royal Sword Pokémon,50,1.7,Aegislash,50,681,150,60,steel,ghost,53,6,0
"['Healer', 'Aroma Veil']",1,1,2,1,52,Perfume Pokémon,60,0.2,Spritzee,50,682,63,23,fairy,,0.5,6,0
"['Healer', 'Aroma Veil']",1,1,2,1,72,Fragrance Pokémon,72,0.8,Aromatisse,50,683,99,29,fairy,,15.5,6,0
"['Sweet Veil', 'Unburden']",1,1,2,1,48,Cotton Candy Pokémon,66,0.4,Swirlix,50,684,59,49,fairy,,3.5,6,0
"['Sweet Veil', 'Unburden']",1,1,2,1,80,Meringue Pokémon,86,0.8,Slurpuff,50,685,85,72,fairy,,5,6,0
"['Contrary', 'Suction Cups', 'Infiltrator']",0,1,1,1,54,Revolving Pokémon,53,0.4,Inkay,50,686,37,45,dark,psychic,3.5,6,0
"['Contrary', 'Suction Cups', 'Infiltrator']",0,1,1,1,92,Overturning Pokémon,88,1.5,Malamar,50,687,68,73,dark,psychic,47,6,0
"['Tough Claws', 'Sniper', 'Pickpocket']",1,1,1,1,52,Two-Handed Pokémon,67,0.5,Binacle,50,688,39,50,rock,water,31,6,0
"['Tough Claws', 'Sniper', 'Pickpocket']",1,1,1,1,105,Collective Pokémon,115,1.3,Barbaracle,50,689,54,68,rock,water,96,6,0
"['Poison Point', 'Poison Touch', 'Adaptability']",2,1,0.5,0.5,60,Mock Kelp Pokémon,60,0.5,Skrelp,50,690,60,30,poison,water,7.3,6,0
"['Poison Point', 'Poison Touch', 'Adaptability']",2,1,1,0.5,75,Mock Kelp Pokémon,90,1.8,Dragalge,50,691,97,44,poison,dragon,81.5,6,0
['Mega Launcher'],1,1,0.5,0.5,53,Water Gun Pokémon,62,0.5,Clauncher,50,692,58,44,water,,8.3,6,0
['Mega Launcher'],1,1,0.5,0.5,73,Howitzer Pokémon,88,1.3,Clawitzer,50,693,120,59,water,,35.3,6,0
"['Dry Skin', 'Sand Veil', 'Solar Power']",1,1,0.5,1,38,Generator Pokémon,33,0.5,Helioptile,50,694,61,70,electric,normal,6,6,0
"['Dry Skin', 'Sand Veil', 'Solar Power']",1,1,0.5,1,55,Generator Pokémon,52,1,Heliolisk,50,695,109,109,electric,normal,21,6,0
"['Strong Jaw', 'Sturdy']",1,1,2,1,89,Royal Heir Pokémon,77,0.8,Tyrunt,88.1,696,45,48,rock,dragon,26,6,0
"['Strong Jaw', 'Rock Head']",1,1,2,1,121,Despot Pokémon,119,2.5,Tyrantrum,88.1,697,69,71,rock,dragon,270,6,0
"['Refrigerate', 'Snow Warning']",1,2,4,2,59,Tundra Pokémon,50,1.3,Amaura,88.1,698,67,46,rock,ice,25.2,6,0
"['Refrigerate', 'Snow Warning']",1,2,4,2,77,Tundra Pokémon,72,2.7,Aurorus,88.1,699,99,58,rock,ice,225,6,0
"['Cute Charm', 'Pixilate']",1,1,2,1,65,Intertwining Pokémon,65,1,Sylveon,88.1,700,110,60,fairy,,23.5,6,0
"['Limber', 'Unburden', 'Mold Breaker']",2,1,1,1,92,Wrestling Pokémon,75,0.8,Hawlucha,50,701,74,118,fighting,flying,21.5,6,0
"['Cheek Pouch', 'Pickup', 'Plus']",1,1,1,1,58,Antenna Pokémon,57,0.2,Dedenne,50,702,81,101,electric,fairy,2.2,6,0
"['Clear Body', 'Sturdy']",1,1,4,2,50,Jewel Pokémon,150,0.3,Carbink,,703,50,50,rock,fairy,5.7,6,0
"['Sap Sipper', 'Hydration', 'Gooey']",1,1,1,0.5,50,Soft Tissue Pokémon,35,0.3,Goomy,50,704,55,40,dragon,,2.8,6,0
"['Sap Sipper', 'Hydration', 'Gooey']",1,1,1,0.5,75,Soft Tissue Pokémon,53,0.8,Sliggoo,50,705,83,60,dragon,,17.5,6,0
"['Sap Sipper', 'Hydration', 'Gooey']",1,1,1,0.5,100,Dragon Pokémon,70,2,Goodra,50,706,110,80,dragon,,150.5,6,0
"['Prankster', 'Magician']",0.5,0.5,1,1,80,Key Ring Pokémon,91,0.2,Klefki,50,707,80,75,steel,fairy,3,6,0
"['Natural Cure', 'Frisk', 'Harvest']",1,1,1,0.5,70,Stump Pokémon,48,0.4,Phantump,50,708,50,38,ghost,grass,7,6,0
"['Natural Cure', 'Frisk', 'Harvest']",1,1,1,0.5,110,Elder Tree Pokémon,76,1.5,Trevenant,50,709,65,56,ghost,grass,71,6,0
"['Pickup', 'Frisk', 'Insomnia']",1,1,1,0.5,66,Pumpkin Pokémon,70,0.8,Pumpkaboo,50,710,44,41,ghost,grass,15,6,0
"['Pickup', 'Frisk', 'Insomnia']",1,1,1,0.5,100,Pumpkin Pokémon,122,1.7,Gourgeist,50,711,58,54,ghost,grass,39,6,0
"['Own Tempo', 'Ice Body', 'Sturdy']",1,2,2,1,69,Ice Chunk Pokémon,85,1,Bergmite,50,712,32,28,ice,,99.5,6,0
"['Own Tempo', 'Ice Body', 'Sturdy']",1,2,2,1,117,Iceberg Pokémon,184,2,Avalugg,50,713,44,28,ice,,505,6,0
"['Frisk', 'Infiltrator', 'Telepathy']",1,2,1,0.5,30,Sound Wave Pokémon,35,0.5,Noibat,50,714,45,55,flying,dragon,8,6,0
"['Frisk', 'Infiltrator', 'Telepathy']",1,2,1,0.5,70,Sound Wave Pokémon,80,1.5,Noivern,50,715,97,123,flying,dragon,85,6,0
['Fairy Aura'],1,1,2,1,131,Life Pokémon,95,3,Xerneas,,716,131,99,fairy,,215,6,1
['Dark Aura'],0,2,1,1,131,Destruction Pokémon,95,5.8,Yveltal,,717,131,99,dark,flying,203,6,1
"['Aura Break', 'Power Construct']",1,0.5,1,1,100,Order Pokémon,121,5,Zygarde,,718,91,85,dragon,ground,284.6,6,1
['Clear Body'],1,1,4,2,160,Jewel Pokémon,110,0.7,Diancie,,719,160,110,rock,fairy,8.8,6,1
['Magician'],0.5,1,1,1,160,Mischief Pokémon (Confined)Djinn Pokémonn (Unbound),60,,Hoopa,,720,170,80,psychic,ghost,,6,1
['Water Absorb'],1,2,0.25,1,110,Steam Pokémon,120,1.7,Volcanion,,721,130,70,fire,water,195,6,1
"['Overgrow', 'Long Reach']",1,2,1,0.5,55,Grass Quill Pokémon,55,0.3,Rowlet,88.1,722,50,42,grass,flying,1.5,7,0
"['Overgrow', 'Long Reach']",1,2,1,0.5,75,Blade Quill Pokémon,75,0.7,Dartrix,88.1,723,70,52,grass,flying,16,7,0
"['Overgrow', 'Long Reach']",1,1,1,0.5,107,Arrow Quill Pokémon,75,1.6,Decidueye,88.1,724,100,70,grass,ghost,36.6,7,0
"['Blaze', 'Intimidate']",1,2,0.5,2,65,Fire Cat Pokémon,40,0.4,Litten,88.1,725,60,70,fire,,4.3,7,0
"['Blaze', 'Intimidate']",1,2,0.5,2,85,Fire Cat Pokémon,50,0.7,Torracat,88.1,726,80,90,fire,,25,7,0
"['Blaze', 'Intimidate']",0,2,0.5,2,115,Heel Pokémon,90,1.8,Incineroar,88.1,727,80,60,fire,dark,83,7,0
"['Torrent', 'Liquid Voice']",1,1,0.5,0.5,54,Sea Lion Pokémon,54,0.4,Popplio,88.1,728,66,40,water,,7.5,7,0
"['Torrent', 'Liquid Voice']",1,1,0.5,0.5,69,Pop Star Pokémon,69,0.6,Brionne,88.1,729,91,50,water,,17.5,7,0
"['Torrent', 'Liquid Voice']",1,1,1,0.5,74,Soloist Pokémon,74,1.8,Primarina,88.1,730,126,60,water,fairy,44,7,0
"['Keen Eye', 'Skill Link', 'Pickup']",1,2,1,1,75,Woodpecker Pokémon,30,0.3,Pikipek,50,731,30,65,normal,flying,1.2,7,0
"['Keen Eye', 'Skill Link', 'Pickup']",1,2,1,1,85,Bugle Beak Pokémon,50,0.6,Trumbeak,50,732,40,75,normal,flying,14.8,7,0
"['Keen Eye', 'Skill Link', 'Sheer Force']",1,2,1,1,120,Cannon Pokémon,75,1.1,Toucannon,50,733,75,60,normal,flying,26,7,0
"['Stakeout', 'Strong Jaw', 'Adaptability']",1,1,1,1,70,Loitering Pokémon,30,0.4,Yungoos,50,734,30,45,normal,,6,7,0
"['Stakeout', 'Strong Jaw', 'Adaptability']",1,1,1,1,110,Stakeout Pokémon,60,0.7,Gumshoos,50,735,55,45,normal,,14.2,7,0
['Swarm'],1,2,1,1,62,Larva Pokémon,45,0.4,Grubbin,50,736,55,46,bug,,4.4,7,0
['Battery'],1,2,0.5,1,82,Battery Pokémon,95,0.5,Charjabug,50,737,55,36,bug,electric,10.5,7,0
['Levitate'],1,2,0.5,1,70,Stag Beetle Pokémon,90,1.5,Vikavolt,50,738,145,43,bug,electric,45,7,0
"['Hyper Cutter', 'Iron Fist', 'Anger Point']",2,0.5,1,1,82,Boxing Pokémon,57,0.6,Crabrawler,50,739,42,63,fighting,,7,7,0
"['Hyper Cutter', 'Iron Fist', 'Anger Point']",2,1,2,1,132,Woolly Crab Pokémon,77,1.7,Crabominable,50,740,62,43,fighting,ice,180,7,0
['Dancer'],1,4,0.5,2,70,Dancing Pokémon,70,0.6,Oricorio,24.6,741,98,93,fire,flying,3.4,7,0
"['Honey Gather', 'Shield Dust', 'Sweet Veil']",1,2,2,1,45,Bee Fly Pokémon,40,0.1,Cutiefly,50,742,55,84,bug,fairy,0.2,7,0
"['Honey Gather', 'Shield Dust', 'Sweet Veil']",1,2,2,1,55,Bee Fly Pokémon,60,0.2,Ribombee,50,743,95,124,bug,fairy,0.5,7,0
"['Keen Eye', 'Vital Spirit', 'Steadfast']",1,1,2,2,65,Puppy Pokémon,40,0.5,Rockruff,50,744,30,60,rock,,9.2,7,0
"['Keen Eye', 'Sand Rush', 'Steadfast', 'Keen Eye', 'Vital Spirit', 'No Guard']",1,1,2,2,115,Wolf Pokémon,75,,Lycanroc,50,745,55,82,rock,,,7,0
['Schooling'],1,1,0.5,0.5,140,Small Fry Pokémon,130,0.2,Wishiwashi,50,746,140,30,water,,0.3,7,0
"['Merciless', 'Limber', 'Regenerator']",2,1,0.5,0.5,53,Brutal Star Pokémon,62,0.4,Mareanie,50,747,43,45,poison,water,8,7,0
"['Merciless', 'Limber', 'Regenerator']",2,1,0.5,0.5,63,Brutal Star Pokémon,152,0.7,Toxapex,50,748,53,35,poison,water,14.5,7,0
"['Own Tempo', 'Stamina', 'Inner Focus']",1,0.5,1,2,100,Donkey Pokémon,70,1,Mudbray,50,749,45,45,ground,,110,7,0
"['Own Tempo', 'Stamina', 'Inner Focus']",1,0.5,1,2,125,Draft Horse Pokémon,100,2.5,Mudsdale,50,750,55,35,ground,,920,7,0
"['Water Bubble', 'Water Absorb']",1,2,0.5,0.5,40,Water Bubble Pokémon,52,0.3,Dewpider,50,751,40,27,water,bug,4,7,0
"['Water Bubble', 'Water Absorb']",1,2,0.5,0.5,70,Water Bubble Pokémon,92,1.8,Araquanid,50,752,50,42,water,bug,82,7,0
"['Leaf Guard', 'Contrary']",1,1,1,0.5,55,Sickle Grass Pokémon,35,0.3,Fomantis,50,753,50,35,grass,,1.5,7,0
"['Leaf Guard', 'Contrary']",1,1,1,0.5,105,Bloom Sickle Pokémon,90,0.9,Lurantis,50,754,80,45,grass,,18.5,7,0
"['Illuminate', 'Effect Spore', 'Rain Dish']",1,1,2,0.5,35,Illuminating Pokémon,55,0.2,Morelull,50,755,65,15,grass,fairy,1.5,7,0
"['Illuminate', 'Effect Spore', 'Rain Dish']",1,1,2,0.5,45,Illuminating Pokémon,80,1,Shiinotic,50,756,90,30,grass,fairy,11.5,7,0
"['Corrosion', 'Oblivious']",2,2,0.5,2,44,Toxic Lizard Pokémon,40,0.6,Salandit,88.1,757,71,77,poison,fire,4.8,7,0
"['Corrosion', 'Oblivious']",2,2,0.5,2,64,Toxic Lizard Pokémon,60,1.2,Salazzle,0,758,111,117,poison,fire,22.2,7,0
"['Fluffy', 'Klutz', 'Cute Charm']",2,0.5,1,1,75,Flailing Pokémon,50,0.5,Stufful,50,759,45,50,normal,fighting,6.8,7,0
"['Fluffy', 'Klutz', 'Unnerve']",2,0.5,1,1,125,Strong Arm Pokémon,80,2.1,Bewear,50,760,55,60,normal,fighting,135,7,0
"['Leaf Guard', 'Oblivious', 'Sweet Veil']",1,1,1,0.5,30,Fruit Pokémon,38,0.3,Bounsweet,0,761,30,32,grass,,3.2,7,0
"['Leaf Guard', 'Oblivious', 'Sweet Veil']",1,1,1,0.5,40,Fruit Pokémon,48,0.7,Steenee,0,762,40,62,grass,,8.2,7,0
"['Leaf Guard', 'Queenly Majesty', 'Sweet Veil']",1,1,1,0.5,120,Fruit Pokémon,98,1.2,Tsareena,0,763,50,72,grass,,21.4,7,0
"['Flower Veil', 'Triage', 'Natural Cure']",1,1,2,1,52,Posy Picker Pokémon,90,0.1,Comfey,24.6,764,82,100,fairy,,0.3,7,0
"['Inner Focus', 'Telepathy', 'Symbiosis']",0.5,1,1,1,60,Sage Pokémon,80,1.5,Oranguru,50,765,90,60,normal,psychic,76,7,0
"['Receiver', 'Defiant']",2,0.5,1,1,120,Teamwork Pokémon,90,2,Passimian,50,766,40,80,fighting,,82.8,7,0
['Wimp Out'],1,2,0.5,0.5,35,Turn Tail Pokémon,40,0.5,Wimpod,50,767,20,80,bug,water,12,7,0
['Emergency Exit'],1,2,0.5,0.5,125,Hard Scale Pokémon,140,2,Golisopod,50,768,60,40,bug,water,108,7,0
"['Water Compaction', 'Sand Veil']",1,0.5,1,2,55,Sand Heap Pokémon,80,0.5,Sandygast,50,769,70,15,ghost,ground,70,7,0
"['Water Compaction', 'Sand Veil']",1,0.5,1,2,75,Sand Castle Pokémon,110,1.3,Palossand,50,770,100,35,ghost,ground,250,7,0
"['Innards Out', 'Unaware']",1,1,0.5,0.5,60,Sea Cucumber Pokémon,130,0.3,Pyukumuku,50,771,30,5,water,,1.2,7,0
['Battle Armor'],1,1,1,1,95,Synthetic Pokémon,95,1.9,Type: Null,,772,95,59,normal,,120.5,7,0
['RKS System'],1,1,1,1,95,Synthetic Pokémon,95,2.3,Silvally,,773,95,95,normal,,100.5,7,0
['Shields Down'],1,2,2,2,100,Meteor Pokémon,60,0.3,Minior,,774,100,120,rock,flying,40,7,0
['Comatose'],1,1,1,1,115,Drowsing Pokémon,65,0.4,Komala,50,775,75,65,normal,,19.9,7,0
['Shell Armor'],1,2,0.5,1,78,Blast Turtle Pokémon,135,2,Turtonator,50,776,91,36,fire,dragon,212,7,0
"['Iron Barbs', 'Lightningrod', 'Sturdy']",0.5,0.5,0.25,1,98,Roly-Poly Pokémon,63,0.3,Togedemaru,50,777,40,96,electric,steel,3.3,7,0
['Disguise'],1,1,2,1,90,Disguise Pokémon,80,0.2,Mimikyu,50,778,50,96,ghost,fairy,0.7,7,0
"['Dazzling', 'Strong Jaw', 'Wonder Skin ']",0.5,1,0.5,0.5,105,Gnash Teeth Pokémon,70,0.9,Bruxish,50,779,70,92,water,psychic,19,7,0
"['Berserk', 'Sap Sipper', 'Cloud Nine']",1,1,1,0.5,60,Placid Pokémon,85,3,Drampa,50,780,135,36,normal,dragon,185,7,0
['Steelworker'],1,1,1,0.5,131,Sea Creeper Pokémon,100,3.9,Dhelmise,,781,86,40,ghost,grass,210,7,0
"['Bulletproof', 'Soundproof', 'Overcoat']",1,1,1,0.5,55,Scaly Pokémon,65,0.6,Jangmo-o,50,782,45,45,dragon,,29.7,7,0
"['Bulletproof', 'Soundproof', 'Overcoat']",2,0.5,1,0.5,75,Scaly Pokémon,90,1.2,Hakamo-o,50,783,65,65,dragon,fighting,47,7,0
"['Bulletproof', 'Soundproof', 'Overcoat']",2,0.5,1,0.5,110,Scaly Pokémon,125,1.6,Kommo-o,50,784,100,85,dragon,fighting,78.2,7,0
"['Electric Surge', 'Telepathy']",1,1,1,1,115,Land Spirit Pokémon,85,1.8,Tapu Koko,,785,95,130,electric,fairy,20.5,7,1
"['Psychic Surge', 'Telepathy']",0.5,1,2,1,85,Land Spirit Pokémon,75,1.2,Tapu Lele,,786,130,95,psychic,fairy,18.6,7,1
"['Grassy Surge', 'Telepathy']",1,1,2,0.5,130,Land Spirit Pokémon,115,1.9,Tapu Bulu,,787,85,75,grass,fairy,45.5,7,1
"['Misty Surge', 'Telepathy']",1,1,1,0.5,75,Land Spirit Pokémon,115,1.3,Tapu Fini,,788,95,85,water,fairy,21.2,7,1
['Unaware'],0.5,1,1,1,29,Nebula Pokémon,31,0.2,Cosmog,,789,29,37,psychic,,0.1,7,1
['Sturdy'],0.5,1,1,1,29,Protostar Pokémon,131,0.1,Cosmoem,,790,29,37,psychic,,999.9,7,1
['Full Metal Body'],0.25,0.5,0.5,1,137,Sunne Pokémon,107,3.4,Solgaleo,,791,113,97,psychic,steel,230,7,1
['Shadow Shield'],0.5,1,1,1,113,Moone Pokémon,89,4,Lunala,,792,137,97,psychic,ghost,120,7,1
['Beast Boost'],2,1,2,2,53,Parasite Pokémon,47,1.2,Nihilego,,793,127,103,rock,poison,55.5,7,1
['Beast Boost'],2,1,1,1,139,Swollen Pokémon,139,2.4,Buzzwole,,794,53,79,bug,fighting,333.6,7,1
['Beast Boost'],2,1,1,1,137,Lissome Pokémon,37,1.8,Pheromosa,,795,137,151,bug,fighting,25,7,1
['Beast Boost'],1,1,0.5,1,89,Glowing Pokémon,71,3.8,Xurkitree,,796,173,83,electric,,100,7,1
['Beast Boost'],0.5,1,0.5,1,101,Launch Pokémon,103,9.2,Celesteela,,797,107,61,steel,flying,999.9,7,1
['Beast Boost'],0.5,0.5,0.5,0.5,181,Drawn Sword Pokémon,131,0.3,Kartana,,798,59,109,grass,steel,0.1,7,1
['Beast Boost'],0,1,1,0.5,101,Junkivore Pokémon,53,5.5,Guzzlord,,799,97,43,dark,dragon,888,7,1
['Prism Armor'],0.5,1,1,1,107,Prism Pokémon,101,2.4,Necrozma,,800,127,79,psychic,,230,7,1
['Soul-Heart'],0.5,0.5,1,1,95,Artificial Pokémon,115,1,Magearna,,801,130,65,steel,fairy,80.5,7,1